,Municipality,Cases,Population,Year,code,name,medianIncome,youthUnemployment2010,youthUnemployment2013,unemployment2010,unemployment2013,unemploymentChange,reportedCrime,populationChange,hasEducation,asylumCosts,urbanDegree,satisfactionInfluence,satisfactionGeneral,satisfactionElderlyCare,foreignBorn,reportedCrimeVandalism,youngUnskilled,latitude,longitude,population,populationShare65plus,municipalityType,municipalityTypeBroad,refugees,rentalApartments,governing,fokusRanking,foretagsklimatRanking,cars,motorcycles,tractors,snowmobiles
0,Ale,1,28074,2013,1440,Ale,218334,8.5,7.3,6.8,5.5,-1.3,691,2.7,31.5,486,79.5,,,,17.3,11.4,11.8,57.841175,12.029249,28074,17.9,Suburbs to cities,City,7.0,107.9,Mixed,61,61,482.296787063,38.4341383486,29.7784426872,1.78100733775
1,Alingsås,0,38619,2013,1489,Alingsås,206737,9.4,8.8,7.4,6.3,-1.1,862,3.7,39.2,653,77.7,42,57,51,11.9,10.4,9.0,57.930021,12.536211,38619,21.2,Commuter municipalities,Rural,16.9,160.0,Conservative,48,173,476.941401901,38.4525751573,39.6695926875,1.34648748026
2,Alvesta,1,19280,2013,764,Alvesta,198482,11.7,13.1,7.9,8.9,1.0,654,2.7,27.7,1591,68.0,30,46,56,20.4,8.9,10.9,56.89921,14.556001,19280,21.1,Commuter municipalities,Rural,46.5,142.7,Mixed,126,179,539.885892116,37.3962655602,76.9709543568,0.881742738589
3,Aneby,0,6375,2013,604,Aneby,192114,10.1,10.5,7.4,6.6,-0.8,831,-2.3,28.4,2041,60.7,41,51,60,10.2,8.8,7.4,57.838521,14.817802,6375,21.7,Commuter municipalities,Rural,27.1,120.3,Conservative,187,89,560.31372549,48.1568627451,136.0,1.25490196078
4,Arboga,0,13493,2013,1984,Arboga,189118,14.4,11.2,10.1,8.9,-1.2,726,1.4,30.2,203,81.5,42,52,52,13.3,11.2,12.3,59.393688,15.838175,13493,24.9,Manufacturing municipalities,Rural,20.2,233.4,Mixed,190,196,523.011932113,37.3527014007,52.1010894538,6.22545023345
5,Arjeplog,0,2980,2013,2506,Arjeplog,186336,14.8,9.3,9.6,6.1,-3.5,1443,-5.3,26.8,9811,62.5,,,,11.2,8.5,11.7,66.051505,17.890054,2980,27.3,Tourism municipalities,Rural,34.5,175.5,Mixed,257,177,615.436241611,22.8187919463,75.5033557047,528.523489933
6,Arvidsjaur,0,6471,2013,2505,Arvidsjaur,190409,16.9,11.8,9.5,7.2,-2.3,587,-2.9,25.5,2699,78.7,,,,8.4,7.1,9.1,65.592077,19.180283,6471,27.1,Municipalities in sparsely populated regions,Rural,26.7,194.5,Mixed,201,270,580.744861691,17.1534538711,70.0046360686,298.56281873
7,Arvika,0,25817,2013,1784,Arvika,185343,13.3,12.2,9.9,8.2,-1.7,914,-1.4,30.3,374,63.9,44,58,49,12.8,9.9,8.6,59.654853,12.592136,25817,24.3,Manufacturing municipalities,Rural,12.1,174.0,Left-wing,144,119,561.103149088,40.6321416121,77.8169423248,10.4969593679
8,Askersund,0,11096,2013,1882,Askersund,191829,9.2,9.3,7.4,6.1,-1.3,1199,-2.5,24.6,1358,60.9,,,,7.0,8.9,12.7,58.889427,14.910987,11096,26.5,Manufacturing municipalities,Rural,2.6,149.0,Mixed,214,86,598.413842826,41.7267483778,98.6842105263,5.49747656813
9,Avesta,0,21582,2013,2084,Avesta,196154,9.9,11.3,7.6,7.4,-0.2,1107,-1.6,25.0,237,79.2,42,53,47,12.1,12.9,10.4,60.14533,16.17384,21582,24.6,Manufacturing municipalities,Rural,31.7,161.7,Left-wing,123,181,567.139282736,50.9220646835,45.7325549069,23.3064590863
10,Bengtsfors,1,9550,2013,1460,Bengtsfors,170971,11.6,14.3,8.7,8.3,-0.4,503,-3.5,23.8,1728,68.6,41,50,53,15.7,8.9,12.6,59.028612,12.226943,9550,27.9,Manufacturing municipalities,Rural,20.1,184.9,Mixed,256,204,581.780104712,44.1884816754,120.942408377,2.93193717277
11,Berg,0,7160,2013,2326,Berg,170559,12.8,10.3,12.5,7.2,-5.3,740,-5.0,27.1,2170,31.0,36,45,51,7.4,6.3,10.3,58.483333,15.516667,7160,27.3,Tourism municipalities,Rural,37.0,93.4,Mixed,276,220,606.983240223,29.3296089385,143.575418994,228.212290503
12,Bjurholm,0,2436,2013,2403,Bjurholm,168796,7.1,11.5,6.7,10.2,3.5,205,-3.2,25.1,546,39.3,,,,11.2,4.4,8.7,63.930406,19.219213,2436,30.0,Commuter municipalities,Rural,52.0,87.6,Conservative,266,38,565.270935961,38.1773399015,176.518883415,186.781609195
13,Bjuv,0,14801,2013,1260,Bjuv,190597,9.5,9.3,9.3,9.1,-0.2,986,1.3,19.7,35,91.8,,,,24.0,14.7,15.6,56.087102,12.912505,14801,18.6,Suburbs to larger towns,City,13.5,97.1,Left-wing,180,188,527.396797514,42.7673805824,27.7683940274,0.270252009999
14,Boden,0,27838,2013,2582,Boden,196841,12.6,14.7,8.6,8.6,0.0,1146,1.1,37.9,463,83.9,36,50,41,10.1,9.8,10.9,65.825119,21.688703,27838,22.8,Municipalities in sparsely populated regions,Rural,23.2,202.1,Mixed,140,274,545.297794382,29.4561390905,34.5211581292,127.415762627
15,Bollebygd,0,8562,2013,1443,Bollebygd,220236,6.6,8.4,6.2,4.9,-1.3,362,4.0,33.3,158,57.1,42,57,55,9.4,6.5,11.2,57.668969,12.570143,8562,19.5,Suburbs to cities,City,10.9,71.1,Conservative,99,201,549.871525345,53.8425601495,61.6678346181,1.40154169587
16,Bollnäs,0,26141,2013,2183,Bollnäs,184176,14.3,13.7,11.2,10.2,-1.0,1086,-0.2,27.9,1265,67.5,,,,9.7,9.3,10.2,61.34838,16.394268,26141,25.0,Municipalities in sparsely populated regions,Rural,31.3,195.4,Mixed,191,242,554.301671703,43.6096553307,66.0648024177,59.7146245362
17,Borgholm,0,10619,2013,885,Borgholm,174435,6.5,9.7,5.4,6.4,1.0,932,-2.2,32.2,1271,44.2,,,,7.9,15.7,11.4,56.88023,16.656235,10619,32.0,Tourism municipalities,Rural,13.0,90.7,Conservative,171,252,576.513796026,48.3096336755,154.534325266,2.07175816932
18,Borlänge,4,50023,2013,2081,Borlänge,196163,7.8,7.9,7.7,7.4,-0.3,1153,3.8,31.4,124,90.4,,,,17.1,16.8,9.9,60.484304,15.433969,50023,19.5,Municipalities in densely populated regions,Rural,50.9,177.2,Left-wing,73,139,505.427503348,36.3432820902,24.8885512664,27.1275213402
19,Borås,6,105995,2013,1490,Borås,200005,8.0,7.9,7.8,7.2,-0.6,1045,4.4,35.6,502,89.6,43,60,45,23.4,10.8,9.7,57.721035,12.939819,105995,19.1,Larger towns,Town,21.0,211.3,Mixed,31,36,463.767158828,29.897636681,18.6801264211,0.934006321053
20,Botkyrka,4,87580,2013,127,Botkyrka,192100,5.8,7.1,8.1,9.6,1.5,1584,9.4,33.0,953,97.4,37,52,48,51.6,22.1,15.3,59.245941,17.840858,87580,13.5,Suburbs to cities,City,24.8,163.6,Left-wing,41,159,316.487782599,17.5953414021,3.23133135419,1.81548298698
21,Boxholm,0,5278,2013,560,Boxholm,194207,14.6,11.7,9.7,7.8,-1.9,512,0.3,22.9,2011,69.0,49,61,66,7.6,5.6,11.4,58.196689,15.047488,5278,24.1,Commuter municipalities,Rural,28.3,122.0,Left-wing,237,194,553.997726412,47.1769609701,94.3539219401,1.32625994695
22,Bromölla,0,12336,2013,1272,Bromölla,190230,15.9,20.2,9.2,11.4,2.2,705,1.1,24.0,877,83.7,35,50,47,14.2,8.0,9.9,56.074362,14.477659,12336,22.9,Commuter municipalities,Rural,17.1,111.0,Left-wing,227,143,524.724383917,46.5304798962,40.8560311284,0.486381322957
23,Bräcke,0,6559,2013,2305,Bräcke,175040,19.0,12.7,13.4,10.7,-2.7,686,-6.4,25.0,2358,46.7,,,,11.3,8.0,12.0,62.750741,15.422575,6559,27.2,Sparsely populated municipalities,Rural,53.1,128.6,Left-wing,290,170,587.589571581,33.6941606952,107.943284037,183.717030035
24,Burlöv,1,17114,2013,1231,Burlöv,193103,11.5,10.4,8.8,8.9,0.1,1040,5.4,34.3,336,98.0,36,51,53,38.0,15.5,13.0,55.633333,13.1,17114,18.0,Suburbs to cities,City,21.1,167.6,Mixed,70,129,444.54832301,25.3009232208,4.49924038799,0.175295080051
25,Båstad,1,14275,2013,1278,Båstad,201458,6.6,8.5,5.4,5.9,0.5,630,0.5,38.4,922,70.5,,,,13.6,9.5,8.6,56.427389,12.847722,14275,29.5,Tourism municipalities,Rural,9.5,106.8,Conservative,98,122,589.842381786,38.2486865149,97.0928196147,1.05078809107
26,Dals-Ed,0,4740,2013,1438,Dals-Ed,166428,9.7,12.5,9.2,7.8,-1.4,738,-1.0,22.3,1972,62.5,,,,17.8,7.8,13.1,58.974388,11.865175,4740,24.8,Sparsely populated municipalities,Rural,22.9,151.6,Conservative,216,108,602.320675105,43.2489451477,168.35443038,1.68776371308
27,Danderyd,0,32222,2013,162,Danderyd,304084,1.4,1.2,2.5,2.1,-0.4,407,4.4,73.5,597,99.9,53,67,64,18.7,10.0,3.3,59.407905,18.019075,32222,19.9,Suburbs to cities,City,4.9,48.7,Conservative,20,7,501.210353175,14.9587238533,4.81037800261,3.19657376947
28,Degerfors,1,9500,2013,1862,Degerfors,182553,12.5,10.0,10.3,8.3,-2.0,663,-3.4,22.6,1731,81.6,,,,12.5,12.9,13.3,59.239103,14.433918,9500,26.0,Commuter municipalities,Rural,28.2,138.5,Mixed,267,192,561.684210526,46.5263157895,54.9473684211,4.63157894737
29,Dorotea,0,2757,2013,2425,Dorotea,173720,8.6,7.6,8.6,9.3,0.7,399,-5.4,20.8,8582,53.6,,,,8.8,6.3,8.7,64.261794,16.415234,2757,30.2,Tourism municipalities,Rural,68.7,170.7,Mixed,262,151,592.310482408,34.0950308306,127.675009068,322.451940515
30,Eda,0,8426,2013,1730,Eda,164708,11.6,8.3,9.2,6.1,-3.1,997,-2.6,20.5,589,52.3,33,48,51,27.2,10.9,10.9,59.833056,12.316667,8426,24.9,Municipalities in sparsely populated regions,Rural,9.8,131.8,Mixed,278,282,625.801091859,43.7930215998,120.579159744,17.8020413007
31,Ekerö,0,26355,2013,125,Ekerö,256681,2.0,2.5,2.7,2.8,0.1,634,6.4,46.5,338,72.9,,,,13.3,13.9,9.2,59.279834,17.790225,26355,16.3,Suburbs to cities,City,4.1,49.4,Conservative,68,58,452.210206792,33.8835135648,16.9607285145,4.40144185164
32,Eksjö,0,16464,2013,686,Eksjö,197233,7.8,10.6,5.1,6.6,1.5,1039,0.9,34.8,884,77.9,42,57,55,12.1,9.3,7.8,57.665165,14.973221,16464,24.1,Municipalities in densely populated regions,Rural,16.7,203.8,Mixed,113,53,512.512147716,43.1243926142,74.8299319728,1.21477162293
33,Emmaboda,0,8964,2013,862,Emmaboda,189004,10.5,14.9,7.3,8.0,0.7,915,-3.9,28.2,1195,70.6,,,,15.0,7.5,11.7,56.630686,15.540006,8964,26.8,Manufacturing municipalities,Rural,18.6,145.7,Left-wing,252,260,581.994645248,50.7585899152,92.0348058902,0.557786702365
34,Enköping,0,40656,2013,381,Enköping,209678,7.6,7.3,6.2,5.4,-0.8,949,4.3,31.6,269,67.7,,,,13.3,11.2,11.3,59.635691,17.077823,40656,20.6,Municipalities in densely populated regions,Rural,13.8,137.4,Conservative,39,64,517.73415978,39.3791814246,60.31090122,5.26367571822
35,Eskilstuna,2,99729,2013,484,Eskilstuna,190990,13.9,12.8,12.3,11.9,-0.4,1444,5.2,33.7,347,88.2,35,56,45,25.9,25.1,10.0,59.371249,16.509804,99729,19.5,Larger towns,Town,39.2,224.8,Left-wing,54,180,448.415205206,28.4872003128,20.5356516159,3.1886412177
36,Eslöv,0,31920,2013,1285,Eslöv,203186,7.7,9.8,6.4,6.9,0.5,962,2.6,34.1,568,80.8,,,,19.0,13.8,11.2,55.83912,13.303391,31920,18.3,Suburbs to larger towns,City,15.1,129.7,Mixed,58,156,497.399749373,40.2882205514,48.7781954887,0.375939849624
37,Essunga,0,5494,2013,1445,Essunga,187409,10.8,9.1,7.3,6.3,-1.0,710,-2.3,22.7,1230,45.5,,,,7.6,12.3,13.6,58.195013,12.77825,5494,23.9,Commuter municipalities,Rural,23.2,107.2,Conservative,265,49,618.856934838,51.3287222424,176.010192938,1.45613396432
38,Fagersta,0,12872,2013,1982,Fagersta,195248,13.2,16.2,8.1,9.5,1.4,1103,4.9,22.8,1610,89.4,,,,23.6,10.4,11.7,59.989144,15.816642,12872,23.5,Manufacturing municipalities,Rural,59.6,118.9,Left-wing,196,265,499.84462399,27.4238657551,15.6929770044,12.2747047856
39,Falkenberg,1,41912,2013,1382,Falkenberg,199870,8.4,8.8,7.6,6.5,-1.1,818,3.6,28.8,274,74.6,40,56,45,15.4,11.3,9.1,56.902733,12.488801,41912,22.9,Municipalities in densely populated regions,Rural,9.4,109.6,Conservative,78,20,530.564038939,39.7022332506,61.8200038175,0.739644970414
40,Falköping,0,31988,2013,1499,Falköping,192850,11.6,10.2,8.2,7.4,-0.8,857,2.0,28.5,-7,73.0,35,52,53,13.4,9.7,8.7,58.175029,13.553217,31988,21.9,Municipalities in densely populated regions,Rural,32.7,171.6,Mixed,121,195,517.569088408,38.2018256846,108.978366888,0.593972739777
41,Falun,0,56767,2013,2080,Falun,204517,8.8,7.0,7.6,6.4,-1.2,884,2.7,42.0,369,82.8,,,,10.5,11.5,7.9,60.60646,15.6355,56767,20.4,Larger towns,Town,13.8,196.9,Mixed,57,191,512.339915796,36.6057744817,37.6627265841,33.8224672785
42,Filipstad,0,10563,2013,1782,Filipstad,171335,18.3,14.8,12.4,10.7,-1.7,1146,-1.1,19.7,5417,80.2,,,,13.4,13.1,12.8,59.713997,14.169844,10563,27.0,Manufacturing municipalities,Rural,44.2,138.0,Left-wing,231,237,535.548613083,42.9802139544,42.6015336552,29.2530531099
43,Finspång,0,20903,2013,562,Finspång,196215,10.5,13.3,7.1,8.7,1.6,708,1.5,28.6,867,79.9,,,,14.1,9.5,10.9,58.707488,15.773595,20903,24.0,Manufacturing municipalities,Rural,20.1,178.2,Mixed,162,137,517.533368416,43.0081806439,46.835382481,3.97072190595
44,Flen,0,16156,2013,482,Flen,181549,9.3,9.9,10.2,10.4,0.2,1547,0.1,26.3,947,71.6,31,43,49,21.4,14.7,15.6,59.057938,16.587912,16156,25.8,Municipalities in densely populated regions,Rural,51.3,196.8,Left-wing,236,264,510.9556821,33.6717009161,54.7784104976,2.78534290666
45,Forshaga,0,11292,2013,1763,Forshaga,189310,13.2,14.6,9.7,9.1,-0.6,1036,-1.1,30.1,1130,81.6,,,,8.5,9.2,9.8,59.52976,13.486084,11292,22.4,Suburbs to larger towns,City,12.4,113.0,Left-wing,224,206,536.486007793,46.8473255402,41.888062345,5.57917109458
46,Färgelanda,0,6520,2013,1439,Färgelanda,177315,13.5,9.7,10.2,8.5,-1.7,475,-3.3,22.9,2130,54.5,,,,10.0,13.1,12.3,58.567559,11.994926,6520,24.2,Commuter municipalities,Rural,32.9,108.4,Mixed,284,240,596.319018405,40.6441717791,173.773006135,1.84049079755
47,Gagnef,0,10023,2013,2026,Gagnef,198546,7.7,6.3,6.9,5.2,-1.7,539,-0.8,31.6,1383,73.4,,,,6.6,5.5,8.6,60.590983,15.070049,10023,22.6,Commuter municipalities,Rural,8.9,55.5,Conservative,186,147,617.779108051,47.7900828095,66.0480893944,48.7877880874
48,Gislaved,0,28713,2013,662,Gislaved,204743,11.6,10.0,9.0,7.8,-1.2,665,-2.3,22.1,480,81.1,41,57,57,23.1,8.1,13.7,57.2985,13.54326,28713,19.8,Manufacturing municipalities,Rural,17.8,141.7,Conservative,173,67,535.1931181,38.5539651029,61.818688399,1.42792463344
49,Gnesta,0,10409,2013,461,Gnesta,205253,9.2,8.9,6.0,6.4,0.4,769,2.3,32.0,243,66.2,41,54,50,12.4,12.6,16.0,59.048348,17.307228,10409,21.6,Suburbs to larger towns,City,11.4,132.8,Mixed,122,97,501.489095975,40.8300509175,54.0878086271,5.76424248247
50,Gnosjö,0,9406,2013,617,Gnosjö,206804,8.7,7.6,8.1,6.5,-1.6,946,-2.6,19.8,659,74.7,,,,29.2,7.0,12.6,57.35804,13.73719,9406,18.6,Manufacturing municipalities,Rural,19.0,148.2,Conservative,234,27,551.562832235,40.1871146077,62.3006591537,3.08313842228
51,Gotland,1,57161,2013,980,Gotland,183717,7.5,10.7,7.2,8.4,1.2,966,0.3,33.4,235,58.4,32,42,43,6.2,25.4,10.3,57.649684,18.714468,57161,23.3,Tourism municipalities,Rural,2.5,138.9,Mixed,65,256,582.757474502,45.4680638897,102.989800738,0.927205612218
52,Grums,0,8925,2013,1764,Grums,182211,15.3,18.1,10.6,10.5,-0.1,751,-3.5,21.7,2707,71.5,,,,9.7,7.9,14.3,59.353179,13.111732,8925,24.9,Manufacturing municipalities,Rural,8.3,149.0,Left-wing,232,145,575.574229692,44.1456582633,61.8487394958,4.81792717087
53,Grästorp,0,5641,2013,1444,Grästorp,193474,11.0,9.7,8.5,7.4,-1.1,727,-3.6,26.3,330,51.4,49,56,60,7.8,11.1,9.3,58.33404,12.680218,5641,22.8,Suburbs to larger towns,City,30.7,93.8,Conservative,202,42,584.116291438,40.9501861372,154.05070023,1.59546179755
54,Gullspång,0,5185,2013,1447,Gullspång,170718,14.0,17.3,10.4,11.0,0.6,1215,-3.5,24.0,6572,64.8,35,50,69,14.1,7.1,11.3,58.985467,14.096623,5185,28.6,Manufacturing municipalities,Rural,56.4,114.7,Mixed,289,219,561.81292189,47.4445515911,117.839922854,2.12150433944
55,Gällivare,0,18339,2013,2523,Gällivare,214445,9.8,9.4,7.2,6.7,-0.5,971,-1.9,26.3,79,85.3,33,46,42,8.8,9.6,10.0,67.1379,20.659362,18339,23.8,Manufacturing municipalities,Rural,10.5,204.1,Left-wing,129,233,609.956922406,25.0286275151,35.7162331643,237.581111293
56,Gävle,2,97236,2013,2180,Gävle,200990,13.2,13.5,10.9,10.9,0.0,1107,4.0,38.1,288,92.5,33,49,42,15.6,11.8,9.4,60.67488,17.141273,97236,19.7,Larger towns,Town,24.8,217.4,Left-wing,52,235,448.835822123,33.9586161504,15.7760500226,21.4118227817
57,Göteborg,21,533271,2013,1480,Göteborg,202708,7.5,7.2,8.0,7.1,-0.9,1285,6.6,54.3,107,98.9,,,,28.9,34.1,6.3,57.70887,11.97456,533271,15.2,Cities,City,20.1,267.2,Left-wing,6,167,333.856519481,16.2900288971,3.26475656842,0.459428695729
58,Götene,0,13028,2013,1471,Götene,199583,10.5,7.8,7.8,6.2,-1.6,576,-0.4,28.0,996,61.3,,,,10.4,8.3,10.2,58.528002,13.491428,13028,22.6,Manufacturing municipalities,Rural,13.0,77.5,Mixed,212,41,568.467915259,53.8071845256,83.5891925084,1.53515505066
59,Habo,0,10975,2013,643,Habo,221363,7.6,7.4,5.1,4.3,-0.8,237,4.3,36.3,885,70.1,,,,7.4,6.4,6.8,57.909309,14.074366,10975,16.9,Suburbs to larger towns,City,7.0,71.1,Conservative,158,11,520.091116173,39.4533029613,55.3986332574,1.36674259681
60,Hagfors,0,12071,2013,1783,Hagfors,175016,15.8,15.1,10.7,8.6,-2.1,828,-5.7,23.4,1251,64.3,,,,12.4,6.9,9.3,60.03437,13.694508,12071,28.2,Manufacturing municipalities,Rural,15.2,107.2,Left-wing,255,280,596.222351089,45.3980614696,86.9024935797,26.0127578494
61,Hallsberg,1,15267,2013,1861,Hallsberg,192650,14.8,12.9,9.7,9.0,-0.7,819,0.1,23.3,313,76.5,,,,13.0,11.4,12.6,59.066532,15.10229,15267,22.1,Commuter municipalities,Rural,31.6,154.2,Left-wing,170,208,546.800288203,38.1869391498,63.8632344272,5.96056854654
62,Hallstahammar,1,15524,2013,1961,Hallstahammar,191987,14.5,13.0,10.2,9.7,-0.5,921,3.4,26.0,1415,88.1,43,57,52,18.8,17.1,13.4,59.613204,16.229476,15524,23.5,Commuter municipalities,Rural,40.0,187.0,Left-wing,155,81,515.266683844,37.4259211543,25.8953877867,6.31280597784
63,Halmstad,5,94084,2013,1380,Halmstad,203764,7.9,9.2,7.3,7.4,0.1,1076,4.3,40.4,122,90.7,,,,19.3,12.4,7.2,56.674375,12.857788,94084,20.3,Larger towns,Town,7.53,213.5,Conservative,22,93,486.692742655,32.5985289741,22.8838059606,0.531439989796
64,Hammarö,0,15136,2013,1761,Hammarö,222546,9.8,8.9,7.4,6.2,-1.2,304,3.3,47.1,481,90.7,47,60,54,7.5,6.7,5.3,59.289306,13.517713,15136,18.1,Suburbs to larger towns,City,2.6,63.8,Mixed,96,70,532.042811839,37.1960887949,9.84408033827,3.63372093023
65,Haninge,1,80932,2013,136,Haninge,215441,5.8,6.5,5.5,6.0,0.5,1224,8.0,30.2,391,93.8,41,54,60,29.9,23.4,14.6,59.182724,18.151091,80932,15.3,Suburbs to cities,City,10.8,116.9,Conservative,29,87,364.058715959,24.5514753126,6.19038204913,3.0148766866
66,Haparanda,1,9886,2013,2583,Haparanda,169131,22.6,17.4,17.2,12.1,-5.1,951,-2.8,22.7,1560,76.9,,,,42.2,10.0,17.1,65.841708,24.127664,9886,24.9,Municipalities in sparsely populated regions,Rural,14.0,156.0,Left-wing,271,275,536.010519927,22.6583046733,43.9004653045,77.7867691685
67,Heby,0,13450,2013,331,Heby,185889,9.5,8.3,7.0,6.9,-0.1,855,0.3,22.6,787,61.1,,,,10.8,7.2,13.9,59.939637,16.858759,13450,23.6,Commuter municipalities,Rural,19.1,106.9,Mixed,208,162,559.033457249,43.9405204461,111.524163569,26.468401487
68,Hedemora,0,15021,2013,2083,Hedemora,187695,7.8,10.3,6.8,7.1,0.3,1065,-1.6,25.8,2293,72.1,,,,10.9,10.8,12.1,60.277545,15.985892,15021,24.3,Municipalities in densely populated regions,Rural,21.4,159.6,Mixed,206,272,584.115571533,53.2587710539,74.2959856201,28.4934425138
69,Helsingborg,2,132989,2013,1283,Helsingborg,198973,9.6,9.1,8.7,8.6,-0.1,1441,4.9,39.2,124,95.6,40,60,48,26.6,19.0,9.2,56.046467,12.694512,132989,18.8,Larger towns,Town,15.7,211.9,Conservative,18,23,435.254043568,24.6035386385,9.70005038011,0.263179661476
70,Herrljunga,0,9274,2013,1466,Herrljunga,191314,9.9,8.6,7.0,6.6,-0.4,712,-0.1,25.7,393,54.5,,,,12.2,6.8,10.9,58.078029,13.018839,9274,22.3,Manufacturing municipalities,Rural,17.9,116.0,Mixed,148,48,547.444468406,44.5331032995,140.28466681,1.83308173388
71,Hjo,0,8805,2013,1497,Hjo,192704,8.6,8.1,7.8,6.6,-1.2,693,0.0,30.4,1813,73.9,,,,7.7,6.2,7.1,58.30707,14.287466,8805,24.5,Commuter municipalities,Rural,5.0,140.3,Conservative,156,207,549.80124929,39.4094264622,81.0902896082,0.908574673481
72,Hofors,0,9511,2013,2104,Hofors,190365,16.4,17.4,10.1,10.1,0.0,725,-3.9,21.9,4871,77.8,32,40,47,12.8,14.3,13.5,60.54595,16.2841,9511,25.2,Manufacturing municipalities,Rural,40.5,151.2,Left-wing,274,281,556.723793502,48.1547681632,40.9000105141,32.9092629587
73,Huddinge,1,102557,2013,126,Huddinge,222313,4.2,4.6,5.9,5.9,0.0,1319,8.9,42.7,225,99.2,44,56,51,35.6,19.2,10.6,59.23633,17.982156,102557,13.1,Suburbs to cities,City,17.3,130.7,Conservative,9,103,347.874840333,22.2900435855,2.59367961231,2.69118636466
74,Hudiksvall,0,36829,2013,2184,Hudiksvall,192216,14.3,14.8,9.3,8.7,-0.6,760,-0.2,31.9,369,69.3,,,,9.5,12.6,9.6,61.727391,17.107401,36829,23.7,Municipalities in sparsely populated regions,Rural,16.0,177.2,Mixed,136,225,546.444378072,39.5069103152,57.2646555703,42.4122294931
75,Hultsfred,0,13635,2013,860,Hultsfred,177333,12.1,11.1,9.4,9.0,-0.4,917,-2.9,23.3,864,81.1,,,,17.1,11.3,14.7,57.49484,15.841651,13635,26.3,Manufacturing municipalities,Rural,25.1,192.4,Mixed,221,178,555.922258893,49.0649064906,84.1217455079,1.2467913458
76,Hylte,0,10001,2013,1315,Hylte,198302,7.5,8.4,6.2,6.4,0.2,1100,-2.6,21.8,2115,65.8,42,50,61,23.0,15.7,12.5,56.954684,13.528469,10001,22.1,Manufacturing municipalities,Rural,29.1,145.7,Mixed,175,117,548.345165483,44.99550045,103.189681032,1.599840016
77,Håbo,0,19968,2013,305,Håbo,170664,2.9,4.1,4.0,4.0,0.0,974,-5.1,22.2,1711,75.1,,,,16.7,8.7,13.5,59.627071,17.452298,6982,28.6,Suburbs to cities,City,5.4,77.8,Mixed,72,71,1418.93440275,111.286164423,31.2231452306,23.3457462045
78,Hällefors,0,6982,2013,1863,Hällefors,175658,14.8,15.1,11.5,11.0,-0.5,623,-3.4,23.5,1534,60.3,,,,10.1,9.9,9.9,59.783688,14.522569,10281,27.9,Municipalities in densely populated regions,Rural,37.2,163.9,Mixed,269,286,351.911292676,25.8729695555,35.4051162338,15.9517556658
79,Härjedalen,0,10281,2013,2361,Härjedalen,187237,10.6,12.0,7.2,8.0,0.8,1232,-0.8,38.2,1425,78.4,42,54,43,12.1,10.3,8.2,62.369341,13.407971,24509,24.9,Tourism municipalities,Rural,22.9,161.7,Mixed,229,271,263.984658697,15.4229058713,31.3762291403,121.465584071
80,Härnösand,0,24509,2013,2280,Härnösand,242647,11.5,11.0,9.7,8.9,-0.8,602,6.4,47.2,353,86.3,,,,12.4,14.2,9.3,62.63227,17.940871,35732,15.5,Municipalities in sparsely populated regions,Rural,31.6,162.0,Mixed,163,223,335.945371096,22.892645248,27.5663271018,30.7567446547
81,Härryda,0,35732,2013,1401,Härryda,184995,7.0,5.1,5.1,3.8,-1.3,1059,0.4,31.6,357,79.2,,,,16.6,9.3,7.8,57.691744,12.294416,50227,22.6,Suburbs to cities,City,6.4,76.5,Conservative,37,9,328.727576801,29.9838732156,12.144862325,0.895932466602
82,Hässleholm,3,50227,2013,1293,Hässleholm,237817,10.4,13.1,9.1,9.6,0.5,751,3.9,30.7,749,88.9,45,58,60,15.5,12.0,10.8,56.158914,13.766766,19968,17.0,Larger towns,Town,13.2,136.9,Conservative,83,187,1311.59855769,103.215144231,181.189903846,0.951522435897
83,Höganäs,0,25084,2013,1284,Höganäs,215121,7.9,6.4,6.5,5.5,-1.0,482,3.4,43.3,254,89.2,,,,13.6,8.6,6.2,56.200639,12.555329,25084,24.8,Commuter municipalities,Rural,6.0,106.6,Conservative,82,14,516.305214479,36.9558284165,27.7467708499,0.757454951363
84,Högsby,0,5718,2013,821,Högsby,168358,9.8,10.4,8.0,7.9,-0.1,839,-3.6,23.2,226,67.0,,,,18.1,12.9,14.0,57.172604,16.020619,5718,26.1,Commuter municipalities,Rural,31.7,126.9,Mixed,282,262,555.089192025,36.7261280168,114.900314795,3.14795383001
85,Hörby,1,14917,2013,1266,Hörby,192642,7.9,7.3,6.5,5.9,-0.6,1173,1.1,28.1,327,59.1,27,46,45,13.7,14.4,12.2,55.851716,13.661926,14917,21.4,Suburbs to larger towns,City,14.0,114.5,Conservative,97,45,578.668633103,49.4737547764,119.595092847,0.603338472883
86,Höör,1,15637,2013,1267,Höör,205517,8.1,8.9,5.7,5.4,-0.3,953,4.0,39.2,531,71.3,,,,13.1,12.0,10.4,55.934859,13.53959,15637,19.9,Suburbs to larger towns,City,3.7,84.2,Conservative,102,150,531.559762103,47.0678518897,51.4165121187,0.511607085758
87,Jokkmokk,0,5066,2013,2510,Jokkmokk,180599,13.8,13.5,10.1,8.2,-1.9,770,-4.5,31.8,2386,74.4,33,45,49,10.1,9.2,7.9,66.606961,19.822921,5066,26.5,Tourism municipalities,Rural,32.1,171.1,Mixed,207,229,593.170153968,24.0821160679,45.0059218318,379.194630872
88,Järfälla,5,69167,2013,123,Järfälla,227460,3.8,5.0,5.6,6.9,1.3,1105,7.5,42.3,0,99.8,43,58,55,33.3,14.1,11.0,59.410065,17.836804,69167,17.6,Suburbs to cities,City,18.7,110.8,Conservative,10,59,379.805398528,19.5179782266,2.51565052699,3.02167218471
89,Jönköping,5,130798,2013,680,Jönköping,207039,6.9,7.5,6.0,6.0,0.0,800,4.5,42.3,334,89.8,45,59,54,19.0,12.5,6.0,57.782614,14.161788,130798,18.8,Larger towns,Town,15.9,194.3,Conservative,22,50,470.519426903,28.0508876283,26.1166072876,0.993898989281
90,Kalix,1,16387,2013,2514,Kalix,186964,19.5,15.8,13.6,10.8,-2.8,885,-4.5,29.5,1003,79.7,,,,10.8,9.9,11.8,65.855281,23.143965,16387,26.7,Municipalities in sparsely populated regions,Rural,12.6,132.6,Mixed,259,259,573.259290901,24.2265210228,51.5652651492,146.823701715
91,Kalmar,2,63887,2013,880,Kalmar,197474,7.6,8.9,7.0,7.3,0.3,917,3.6,43.5,917,87.9,45,62,49,13.3,10.9,6.7,56.663445,16.356779,63887,19.3,Larger towns,Town,18.1,207.6,Mixed,32,149,488.362264623,27.9086512123,29.9434939816,0.516537010659
92,Karlsborg,0,6757,2013,1446,Karlsborg,194168,9.1,7.4,6.7,4.8,-1.9,370,-0.5,32.7,2086,76.7,43,54,52,7.0,5.1,7.1,58.530085,14.510565,6757,28.2,Municipalities in densely populated regions,Rural,4.4,135.5,Conservative,131,105,562.527749001,53.7220660056,67.0415865029,1.33195204973
93,Karlshamn,0,31272,2013,1082,Karlshamn,187859,12.5,12.6,9.1,9.4,0.3,726,1.0,34.5,628,82.6,,,,12.9,13.6,8.4,56.170303,14.863073,31272,24.3,Municipalities in densely populated regions,Rural,20.4,163.6,Mixed,134,210,525.070350473,45.0243028908,34.9833717063,0.543617293425
94,Karlskoga,0,29728,2013,1883,Karlskoga,193030,12.4,11.2,9.8,8.7,-1.1,875,-0.5,28.8,677,91.3,,,,15.3,16.2,11.4,59.328634,14.536414,29728,24.4,Manufacturing municipalities,Rural,19.9,126.3,Left-wing,107,247,507.602260495,38.5495156082,20.8893972013,5.41576964478
95,Karlskrona,2,63912,2013,1080,Karlskrona,197159,11.4,12.0,8.2,8.9,0.7,740,1.8,44.2,355,80.8,,,,14.0,10.4,7.1,56.161224,15.5869,63912,20.9,Larger towns,Town,19.9,180.0,Conservative,55,155,494.555013143,32.5916885718,43.4503692577,0.531981474527
96,Karlstad,3,87786,2013,1780,Karlstad,199197,8.4,8.2,8.1,7.6,-0.5,776,4.5,46.7,373,89.3,47,64,51,13.4,11.8,5.6,59.379136,13.500804,87786,19.6,Larger towns,Town,10.8,220.6,Mixed,26,60,471.476089581,30.004784362,22.9649374616,4.04392499943
97,Katrineholm,0,32930,2013,483,Katrineholm,188125,13.4,14.6,10.7,10.6,-0.1,1436,2.2,29.1,226,82.0,,,,18.8,20.6,11.7,58.995551,16.205476,32930,22.2,Municipalities in densely populated regions,Rural,40.4,222.9,Mixed,128,121,471.36349833,35.2262374734,42.2714849681,3.46188885515
98,Kil,0,11810,2013,1715,Kil,195273,13.0,13.3,9.1,8.2,-0.9,542,1.2,31.8,1179,72.9,,,,7.4,8.2,8.7,59.50368,13.317048,11810,22.2,Suburbs to larger towns,City,5.1,111.6,Mixed,179,183,554.191363251,45.5546147333,58.6790855207,6.77392040644
99,Kinda,0,9802,2013,513,Kinda,192820,12.8,12.0,6.9,7.1,0.2,408,-0.8,30.4,1072,65.8,39,50,55,8.1,8.4,7.8,57.953579,15.847963,9802,24.4,Municipalities in densely populated regions,Rural,36.1,142.5,Conservative,198,120,569.475617221,46.3170781473,110.793715568,3.87675984493
100,Kiruna,0,23196,2013,2584,Kiruna,228488,9.1,5.5,6.1,4.0,-2.1,953,0.4,29.8,527,90.4,,,,10.8,11.2,11.2,67.8558,20.225282,23196,20.2,Municipalities in sparsely populated regions,Rural,8.1,186.3,Left-wing,66,273,579.280910502,22.8056561476,23.4092084842,296.689084325
101,Klippan,1,16715,2013,1276,Klippan,184025,10.9,10.7,7.8,8.0,0.2,993,2.3,23.5,780,73.7,,,,17.1,15.7,12.1,56.1349,13.129041,16715,21.7,Commuter municipalities,Rural,0.9,116.3,Conservative,124,115,552.737062519,49.237212085,56.476218965,0.538438528268
102,Knivsta,0,15580,2013,330,Knivsta,250830,3.3,4.9,3.5,3.5,0.0,379,9.3,48.3,597,66.3,47,56,59,12.8,7.0,8.2,59.72612,17.792036,15580,13.2,Suburbs to larger towns,City,7.7,50.7,Conservative,77,15,478.048780488,33.5044929397,30.9370988447,8.27984595635
103,Kramfors,0,18450,2013,2282,Kramfors,177344,14.2,14.2,11.7,9.5,-2.2,970,-5.3,27.9,1152,65.2,,,,10.3,10.6,11.3,62.928433,17.786295,18450,27.9,Municipalities in sparsely populated regions,Rural,20.3,152.6,Left-wing,273,174,578.699186992,32.7913279133,75.1761517615,83.9024390244
104,Kristianstad,1,81009,2013,1290,Kristianstad,193898,10.6,13.0,8.4,9.9,1.5,1120,3.9,37.5,170,82.5,,,,19.8,12.9,8.7,56.029394,14.156678,81009,20.9,Larger towns,Town,34.0,169.3,Conservative,46,142,486.476811219,35.6133269143,43.4889950499,0.419706452369
105,Kristinehamn,0,23949,2013,1781,Kristinehamn,180847,13.3,13.5,10.4,10.3,-0.1,869,0.0,30.1,753,81.7,,,,12.2,12.2,11.9,59.310068,14.108919,23949,24.9,Municipalities in densely populated regions,Rural,20.9,158.0,Mixed,172,76,509.123554219,40.9620443442,44.0519437137,3.75798571965
106,Krokom,0,14643,2013,2309,Krokom,198675,9.0,6.9,8.3,5.5,-2.8,512,2.2,34.7,1633,50.4,,,,7.9,5.1,7.8,63.326242,14.448654,14643,20.2,Commuter municipalities,Rural,16.8,102.6,Conservative,139,158,575.838284505,40.0191217647,92.9454346787,229.324591955
107,Kumla,1,20904,2013,1881,Kumla,208187,12.1,10.6,8.8,7.2,-1.6,1115,3.7,28.6,802,85.4,40,56,43,13.1,12.7,9.8,59.126536,15.140105,20904,18.7,Suburbs to larger towns,City,23.5,175.9,Left-wing,100,62,512.868350555,35.3042479908,33.0558744738,3.58783008037
108,Kungsbacka,0,77390,2013,1384,Kungsbacka,241204,5.9,4.9,5.0,3.7,-1.3,433,6.5,45.8,423,79.3,45,63,56,8.2,9.8,6.6,57.487492,12.076193,77390,18.9,Suburbs to cities,City,1.9,78.8,Conservative,48,110,518.878408063,36.8910711978,24.7447990696,1.22754877891
109,Kungsör,0,8175,2013,1960,Kungsör,197145,11.9,9.9,9.2,8.8,-0.4,636,0.1,26.5,335,76.0,34,47,61,15.5,12.6,13.4,59.422397,16.097786,8175,23.5,Commuter municipalities,Rural,23.6,169.7,Mixed,249,251,548.501529052,51.0091743119,48.8073394495,3.91437308869
110,Kungälv,0,42109,2013,1482,Kungälv,224289,5.7,4.0,4.7,3.5,-1.2,568,4.6,38.3,312,68.9,,,,10.2,9.8,8.9,57.869754,11.974032,42109,19.9,Suburbs to cities,City,4.3,101.2,Conservative,28,182,520.64879242,36.7617373958,35.8830653779,1.2111425111
111,Kävlinge,0,29600,2013,1261,Kävlinge,233656,4.2,6.9,4.7,5.0,0.3,507,4.8,43.3,255,90.5,43,61,61,10.4,10.9,6.9,55.794,13.110429,29600,18.0,Suburbs to larger towns,City,3.8,98.9,Conservative,63,32,527.871621622,44.2905405405,21.2162162162,0.912162162162
112,Köping,2,25237,2013,1983,Köping,191269,16.0,12.9,11.1,9.0,-2.1,1169,2.0,26.3,542,82.9,,,,20.1,9.8,11.2,59.512096,15.99451,25237,22.8,Manufacturing municipalities,Rural,31.8,201.1,Left-wing,113,200,511.431628165,34.9090620914,43.9037920514,4.39830407735
113,Laholm,0,23517,2013,1381,Laholm,194727,11.0,9.0,7.6,7.1,-0.5,642,1.1,28.3,459,65.6,41,56,55,12.6,10.7,10.3,56.505756,13.045605,23517,23.7,Municipalities in densely populated regions,Rural,10.8,106.2,Conservative,146,10,601.734915168,48.9007951695,110.430752222,0.850448611643
114,Landskrona,3,43073,2013,1282,Landskrona,182892,13.4,14.3,11.3,11.7,0.4,1251,5.4,30.4,110,92.7,,,,32.2,16.8,12.1,55.870348,12.83008,43073,19.7,Municipalities in densely populated regions,Rural,20.8,239.9,Conservative,75,130,396.884359111,25.5612564716,12.8154528359,0.32502960091
115,Laxå,0,5580,2013,1860,Laxå,185176,14.9,17.9,8.1,9.7,1.6,986,-4.9,22.1,3052,75.7,,,,14.4,9.6,7.7,58.98269,14.62289,5580,27.9,Manufacturing municipalities,Rural,16.8,146.6,Left-wing,248,175,585.304659498,47.4910394265,75.0896057348,4.12186379928
116,Lekeberg,0,7289,2013,1814,Lekeberg,201743,10.7,8.4,7.0,5.8,-1.2,329,2.5,29.0,0,42.2,,,,4.9,6.6,11.1,59.209354,14.76973,7289,21.2,Suburbs to larger towns,City,0.3,80.0,Conservative,143,52,583.756345178,51.4473864728,132.254081493,5.07614213198
117,Leksand,0,15157,2013,2029,Leksand,196111,6.4,7.0,6.5,5.5,-1.0,561,-0.9,36.4,1302,75.7,38,53,48,8.2,7.2,7.8,60.730308,14.999892,15157,26.4,Municipalities in densely populated regions,Rural,14.8,139.9,Mixed,174,99,593.587121462,34.5714851224,79.1713399749,50.2078247674
118,Lerum,0,39319,2013,1441,Lerum,238430,5.3,4.3,4.6,3.4,-1.2,511,3.2,44.4,279,88.5,38,55,53,11.2,13.8,7.6,57.769484,12.26882,39319,17.6,Suburbs to cities,City,5.3,50.7,Conservative,67,75,474.477987741,36.1911544037,14.1661792009,1.16991785142
119,Lessebo,0,8059,2013,761,Lessebo,187284,12.7,18.1,11.0,12.2,1.2,844,-0.3,26.7,3312,87.3,36,50,61,20.3,13.5,14.9,56.751264,15.270001,8059,23.6,Commuter municipalities,Rural,69.9,146.7,Left-wing,225,248,482.938329818,29.0358605286,39.4589899491,0.868594118377
120,Lidingö,0,45178,2013,186,Lidingö,262232,1.2,1.3,2.9,3.3,0.4,480,4.8,62.6,392,98.3,,,,19.3,9.3,5.3,59.36296,18.1468,45178,20.1,Suburbs to cities,City,8.7,119.1,Conservative,9,18,380.096507149,15.9369604675,3.16525742618,2.74469874718
121,Lidköping,0,38414,2013,1494,Lidköping,203485,11.9,11.0,7.7,7.4,-0.3,599,1.3,34.9,624,75.9,,,,10.4,11.4,7.7,58.503505,13.157077,38414,21.7,Municipalities in densely populated regions,Rural,10.8,132.5,Left-wing,48,79,542.588639558,37.9288800958,61.3578382881,1.015254855
122,Lilla Edet,0,12829,2013,1462,Lilla Edet,197610,9.7,10.0,8.3,7.1,-1.2,857,0.0,23.5,219,62.3,,,,15.6,9.0,15.0,58.132158,12.124134,12829,19.7,Suburbs to cities,City,11.6,108.6,Mixed,184,255,557.253098449,48.4059552576,59.3966793982,0.623587185283
123,Lindesberg,0,23176,2013,1885,Lindesberg,193398,15.4,13.9,10.1,9.8,-0.3,854,0.3,26.8,332,72.8,,,,14.8,9.4,11.7,59.597698,15.222911,23176,23.3,Manufacturing municipalities,Rural,36.0,150.3,Mixed,178,279,549.792889196,40.4297549189,80.3417328271,12.6423886779
124,Linköping,11,150202,2013,580,Linköping,203774,7.1,6.1,7.0,6.2,-0.8,747,5.9,52.7,330,89.4,,,,18.4,14.8,5.1,58.410807,15.621373,150202,17.2,Larger towns,Town,24.0,253.6,Mixed,12,34,421.918483109,25.0595864236,21.3379315855,1.071889855
125,Ljungby,1,27277,2013,781,Ljungby,199056,6.9,9.2,7.6,6.8,-0.8,733,-0.6,29.3,885,71.2,,,,18.7,9.3,7.3,56.833877,13.941042,27277,22.6,Manufacturing municipalities,Rural,12.7,149.3,Conservative,87,84,550.280456062,44.5430215933,92.4955090369,0.989844924295
126,Ljusdal,0,18931,2013,2161,Ljusdal,178875,15.0,16.8,11.9,10.3,-1.6,433,-1.1,23.2,1156,58.5,,,,10.0,11.0,11.0,61.830839,16.08175,18931,25.6,Sparsely populated municipalities,Rural,23.9,156.8,Mixed,211,257,555.913580899,44.1075484655,86.5775711795,99.8890708362
127,Ljusnarsberg,0,4875,2013,1864,Ljusnarsberg,167961,12.0,10.5,9.9,8.8,-1.1,1251,-5.0,21.9,4487,72.1,,,,16.6,10.7,16.0,59.883333,14.983333,4875,28.3,Manufacturing municipalities,Rural,9.4,140.3,Left-wing,287,106,563.897435897,38.7692307692,50.0512820513,27.6923076923
128,Lomma,0,22496,2013,1262,Lomma,261094,3.4,2.9,3.3,3.0,-0.3,325,10.0,63.5,330,95.7,47,63,54,9.7,6.7,3.7,55.670667,13.077576,22496,20.6,Suburbs to cities,City,3.6,24.2,Conservative,56,47,499.866642959,30.5387624467,11.8243243243,0.711237553343
129,Ludvika,1,25712,2013,2085,Ludvika,192968,8.4,9.3,7.0,7.2,0.2,1042,0.7,30.2,1142,88.1,,,,13.9,9.1,9.9,60.152358,15.191639,25712,24.7,Manufacturing municipalities,Rural,37.6,186.6,Left-wing,132,230,535.119788426,39.3590541381,29.8304293715,30.9971997511
130,Luleå,1,75383,2013,2580,Luleå,206110,11.3,9.2,9.3,7.4,-1.9,894,2.7,45.4,494,88.9,47,64,51,11.2,11.0,7.5,65.584819,22.156703,75383,19.2,Larger towns,Town,13.0,217.8,Left-wing,36,85,500.444397278,24.4352174894,23.5596885239,86.0273536474
131,Lund,0,114291,2013,1281,Lund,202153,3.1,2.7,4.3,4.1,-0.2,772,6.5,71.3,312,94.7,,,,22.9,10.7,3.0,55.70466,13.191007,114291,15.5,Larger towns,Town,8.5,219.6,Conservative,3,65,495.419586844,20.815287293,12.0394431758,0.726216412491
132,Lycksele,0,12270,2013,2481,Lycksele,191284,14.7,10.0,9.4,7.9,-1.5,1100,-1.7,30.0,717,72.5,,,,9.5,10.0,7.8,64.59581,18.676367,12270,24.0,Municipalities in sparsely populated regions,Rural,21.1,216.3,Left-wing,125,249,580.277098615,34.0668296659,66.5036674817,229.991850041
133,Lysekil,0,14369,2013,1484,Lysekil,192300,9.4,6.9,6.6,5.6,-1.0,814,-2.0,32.3,252,74.6,,,,12.9,13.8,9.9,58.275573,11.435558,14369,26.9,Tourism municipalities,Rural,21.4,202.6,Mixed,111,278,521.817802213,39.738325562,40.712645278,0.974319716055
134,Malmö,6,312994,2013,1280,Malmö,178772,8.8,10.2,8.8,10.1,1.3,1437,9.2,52.7,980,99.5,,,,39.1,21.0,7.0,55.604981,13.003822,312994,15.4,Cities,City,25.3,212.0,Left-wing,25,91,357.84711528,13.211115868,3.95215243743,0.182112117165
135,Malung-Sälen,0,10061,2013,2023,Malung-Sälen,184210,6.2,5.4,5.9,4.9,-1.0,1223,-3.1,23.3,1001,73.0,38,50,61,9.4,11.4,9.4,61.17442,13.26071,10061,24.9,Tourism municipalities,Rural,19.2,175.0,Mixed,160,197,665.242023656,47.2120067588,83.4907066892,179.60441308
136,Malå,0,3155,2013,2418,Malå,188912,9.0,12.9,7.7,6.3,-1.4,285,-6.4,25.4,1332,62.6,,,,8.3,8.0,9.8,65.18512,18.74907,3155,25.2,Manufacturing municipalities,Rural,31.1,138.6,Mixed,213,258,579.71473851,26.941362916,89.381933439,283.676703645
137,Mariestad,0,23870,2013,1493,Mariestad,190391,13.7,12.8,9.7,9.0,-0.7,842,0.2,30.1,684,76.5,33,44,48,11.7,11.9,8.4,58.710112,13.821333,23870,25.2,Municipalities in densely populated regions,Rural,15.0,121.3,Mixed,114,226,528.780896523,36.5312107248,52.8278173439,1.21491411814
138,Mark,1,33753,2013,1463,Mark,197883,7.9,7.9,6.2,5.6,-0.6,714,-0.2,28.6,177,65.0,,,,12.6,9.4,11.4,59.25,15.266667,33753,21.5,Municipalities in densely populated regions,Rural,11.2,133.0,Mixed,94,140,553.136017539,49.4770835185,68.9716469647,1.06657186028
139,Markaryd,0,9515,2013,767,Markaryd,180145,4.1,10.8,6.9,8.7,1.8,725,-0.9,21.4,703,76.2,52,62,59,21.0,8.7,12.0,56.461774,13.596274,9515,25.8,Manufacturing municipalities,Rural,29.1,163.1,Conservative,197,28,567.630057803,42.8796636889,78.5076195481,1.36626379401
140,Mellerud,0,8892,2013,1461,Mellerud,166192,10.2,10.2,10.5,8.7,-1.8,607,-5.8,24.6,1376,55.6,,,,13.5,14.5,12.1,58.702568,12.451842,8892,27.5,Municipalities in densely populated regions,Rural,22.1,138.1,Conservative,254,165,558.479532164,39.3612235717,143.38731444,3.59874044085
141,Mjölby,0,26313,2013,586,Mjölby,199966,13.3,10.7,9.3,7.2,-2.1,657,2.6,29.1,1083,79.6,43,58,50,9.9,16.8,9.8,58.322691,15.133535,26313,21.3,Municipalities in densely populated regions,Rural,11.5,175.3,Mixed,103,96,535.40075248,37.0919317448,52.8255995135,1.14012085281
142,Mora,0,19998,2013,2062,Mora,193409,9.6,10.3,8.2,7.4,-0.8,640,-0.8,32.2,823,84.6,,,,7.4,7.1,12.0,61.004878,14.537003,19998,24.7,Municipalities in sparsely populated regions,Rural,4.0,131.7,Mixed,117,111,618.261826183,36.103610361,72.8572857286,98.5098509851
143,Motala,0,42187,2013,583,Motala,189606,12.2,13.5,10.1,9.8,-0.3,834,0.6,28.8,694,83.9,43,56,50,14.3,11.7,12.2,58.538034,15.047094,42187,21.7,Municipalities in densely populated regions,Rural,30.7,213.9,Mixed,142,215,503.42522578,35.342641098,34.7026335127,1.56446298623
144,Mullsjö,0,7039,2013,642,Mullsjö,203738,10.1,8.5,6.7,5.6,-1.1,753,-0.7,30.0,1559,87.5,,,,10.8,6.2,10.7,57.916599,13.877317,7039,22.0,Commuter municipalities,Rural,8.4,123.1,Conservative,199,19,511.152152294,39.7783776105,46.597528058,1.98891888052
145,Munkedal,0,10205,2013,1430,Munkedal,184231,11.7,9.9,8.0,6.2,-1.8,529,-0.4,23.2,979,58.7,34,46,48,10.7,8.7,11.9,58.471505,11.680192,10205,24.2,Commuter municipalities,Rural,6.5,109.2,Mixed,193,190,621.264086232,47.1337579618,123.272905439,1.27388535032
146,Munkfors,0,3656,2013,1762,Munkfors,167221,17.9,16.7,11.1,9.7,-1.4,766,-4.1,20.5,4336,80.8,,,,10.0,11.2,10.7,59.835347,13.534415,3656,29.3,Manufacturing municipalities,Rural,12.5,118.3,Left-wing,242,78,597.374179431,44.5842450766,53.3369803063,14.7702407002
147,Mölndal,2,61978,2013,1481,Mölndal,230231,6.5,4.4,5.7,4.4,-1.3,762,3.6,50.1,3436,95.3,,,,17.8,14.3,6.8,57.65,12.016667,61978,16.1,Suburbs to cities,City,10.7,138.1,Conservative,5,35,436.945367711,30.3817483623,8.01897447481,0.500177482332
148,Mönsterås,0,12949,2013,861,Mönsterås,195577,12.3,12.2,8.9,7.2,-1.7,965,-0.1,27.2,824,70.2,48,61,58,11.2,10.6,10.1,57.04158,16.44312,12949,24.8,Manufacturing municipalities,Rural,19.7,146.3,Conservative,218,54,559.65711638,41.7020619353,62.8619970654,2.70291142173
149,Mörbylånga,0,14368,2013,840,Mörbylånga,202993,7.0,8.2,5.3,5.3,0.0,466,4.6,38.4,884,65.9,,,,6.7,6.7,7.5,56.523757,16.386916,14368,24.5,Suburbs to larger towns,City,5.7,76.8,Conservative,117,224,581.848552339,39.8802895323,87.2772828508,0.278396436526
150,Nacka,1,94423,2013,182,Nacka,255022,3.2,3.2,4.2,4.2,0.0,719,10.2,55.0,59,98.8,46,61,54,23.0,17.9,6.9,59.307903,18.156042,94423,15.4,Suburbs to cities,City,6.2,74.8,Conservative,7,6,480.306704934,20.2387130254,2.94419791788,2.71120383805
151,Nora,0,10399,2013,1884,Nora,194138,11.2,11.6,8.8,7.9,-0.9,433,0.2,31.8,448,76.6,37,51,57,12.5,10.0,11.4,59.519206,15.037867,10399,25.2,Commuter municipalities,Rural,23.2,165.2,Mixed,181,228,543.513799404,37.5997692086,55.7745937109,17.5016828541
152,Norberg,1,5608,2013,1962,Norberg,189217,10.9,12.8,8.1,7.7,-0.4,1355,-2.5,23.4,2345,78.9,41,44,50,11.6,13.2,12.3,60.065042,15.923796,5608,25.7,Commuter municipalities,Rural,23.1,182.6,Left-wing,241,283,551.176890157,44.757489301,44.0442225392,19.0798858773
153,Nordanstig,0,9491,2013,2132,Nordanstig,177226,12.9,11.1,9.5,9.1,-0.4,464,-2.5,23.2,1834,47.9,32,40,52,8.2,4.4,10.8,62.036668,17.205249,9491,25.1,Sparsely populated municipalities,Rural,24.2,122.8,Mixed,285,277,595.932989148,45.4114424191,125.381940786,77.0203350543
154,Nordmaling,0,7006,2013,2401,Nordmaling,181573,13.9,14.5,9.3,8.9,-0.4,514,-3.7,25.1,4282,52.9,,,,8.0,5.3,13.6,63.566667,19.5,7006,26.2,Sparsely populated municipalities,Rural,27.6,120.0,Mixed,250,267,554.667427919,34.541821296,110.619469027,133.314302027
155,Norrköping,4,133749,2013,581,Norrköping,195771,9.2,11.8,9.5,10.3,0.8,1176,4.4,35.8,643,90.1,,,,20.6,12.4,9.2,58.587745,16.192421,133749,18.8,Larger towns,Town,30.7,234.9,Left-wing,34,189,432.287344204,28.0076860388,19.1178999469,1.18131724349
156,Norrtälje,0,56845,2013,188,Norrtälje,198895,5.8,5.4,4.7,4.6,-0.1,1101,2.4,28.5,233,56.7,,,,11.9,13.8,12.7,59.759584,18.701358,56845,25.5,Tourism municipalities,Rural,8.2,93.2,Conservative,62,94,520.69663119,39.7220511918,58.1581493535,8.69029817926
157,Norsjö,0,4175,2013,2417,Norsjö,182744,15.3,10.0,11.8,8.3,-3.5,527,-4.3,22.5,5726,56.8,39,53,57,8.4,7.2,7.9,64.913509,19.482641,4175,25.5,Manufacturing municipalities,Rural,59.7,137.1,Mixed,245,148,584.191616766,34.9700598802,115.688622754,232.335329341
158,Nybro,0,19489,2013,881,Nybro,181635,11.2,10.6,8.1,7.8,-0.3,811,-0.3,26.8,580,77.5,35,51,51,14.2,8.0,11.2,56.7438,15.908681,19489,24.9,Manufacturing municipalities,Rural,16.0,175.4,Mixed,152,269,532.248960952,39.7147108625,65.3188978398,0.667042947304
159,Nykvarn,0,9523,2013,140,Nykvarn,250676,5.0,6.6,4.0,4.0,0.0,515,5.4,32.8,678,75.4,38,53,53,12.6,8.6,12.5,59.178177,17.427816,9523,16.4,Suburbs to larger towns,City,5.7,77.7,Conservative,106,146,490.076656516,40.1134096398,17.851517379,4.8304105849
160,Nyköping,1,53038,2013,480,Nyköping,206076,12.1,10.2,8.0,7.1,-0.9,1035,4.1,34.4,446,81.9,38,53,47,14.9,16.3,9.4,58.752844,17.009159,53038,23.1,Larger towns,Town,18.6,159.4,Mixed,43,107,516.441042272,35.9742071722,35.2765941401,3.09212262906
161,Nynäshamn,1,26796,2013,192,Nynäshamn,209115,5.1,6.8,5.5,6.1,0.6,1691,5.1,29.2,557,80.3,37,47,45,18.4,18.7,15.1,58.902926,17.946529,26796,21.1,Suburbs to cities,City,8.6,151.7,Mixed,86,243,419.428272877,35.3037766831,19.0700104493,3.69458128079
162,Nässjö,0,29516,2013,682,Nässjö,195276,9.9,12.2,7.7,8.6,0.9,1186,0.0,28.3,789,82.5,28,47,49,16.4,12.5,8.3,57.653035,14.696725,29516,21.7,Municipalities in densely populated regions,Rural,42.5,171.2,Mixed,121,90,500.101639789,44.1116682477,61.1193928717,1.49071689931
163,Ockelbo,0,5785,2013,2101,Ockelbo,182279,13.4,13.6,9.3,9.0,-0.3,847,-4.0,25.7,1099,61.5,40,47,53,9.8,10.7,10.6,60.891784,16.720187,5785,25.7,Commuter municipalities,Rural,48.0,151.8,Mixed,275,217,566.292134831,53.2411408816,111.495246327,89.7147796024
164,Olofström,0,12902,2013,1060,Olofström,182967,18.0,18.8,13.1,12.3,-0.8,581,-2.0,25.4,764,79.3,45,64,63,23.6,10.1,10.1,56.277708,14.530938,12902,26.1,Manufacturing municipalities,Rural,12.3,159.9,Left-wing,239,133,544.101689661,57.4329561308,56.5803751356,0.465044179197
165,Orsa,0,6849,2013,2034,Orsa,171233,10.3,11.9,9.0,8.9,-0.1,1095,-2.0,28.3,1195,80.9,,,,9.0,8.1,13.8,61.116937,14.628071,6849,25.1,Commuter municipalities,Rural,31.3,158.9,Mixed,240,216,586.21696598,40.5898671339,82.9318148635,95.926412615
166,Orust,0,15036,2013,1421,Orust,202605,6.6,4.8,5.3,4.0,-1.3,512,-1.9,33.0,1451,37.3,,,,7.7,7.3,11.1,58.186641,11.606919,15036,26.7,Commuter municipalities,Rural,9.2,83.9,Mixed,166,263,605.879223198,40.7688214951,106.743814844,0.864591646715
167,Osby,0,12713,2013,1273,Osby,185644,11.4,10.8,8.2,8.3,0.1,818,0.5,25.7,1081,75.8,,,,15.4,11.3,11.1,56.381536,13.992941,12713,24.2,Commuter municipalities,Rural,24.6,126.3,Conservative,176,77,541.571619602,47.5104224023,77.401085503,0.629277117911
168,Oskarshamn,0,26212,2013,882,Oskarshamn,206153,12.4,12.9,6.4,6.5,0.1,706,-0.4,29.9,412,84.4,,,,13.9,7.6,8.6,57.265699,16.447398,26212,23.4,Manufacturing municipalities,Rural,11.0,169.9,Left-wing,108,227,534.869525408,40.2487410346,45.5516557302,1.44971768656
169,Ovanåker,0,11354,2013,2121,Ovanåker,185623,15.1,14.6,9.1,9.3,0.2,396,-2.5,22.6,500,63.4,,,,5.4,4.1,10.9,61.519317,15.530633,11354,26.3,Manufacturing municipalities,Rural,31.3,176.1,Mixed,270,205,582.349832658,42.0997005461,96.6179320063,103.047384182
170,Oxelösund,0,11403,2013,481,Oxelösund,196820,11.7,11.7,7.6,8.1,0.5,965,2.1,26.3,192,97.1,38,51,45,19.4,12.4,11.7,58.670174,17.103733,11403,27.4,Manufacturing municipalities,Rural,11.7,149.5,Left-wing,152,134,484.433920898,29.7290186793,5.78795053933,2.63088660879
171,Pajala,0,6299,2013,2521,Pajala,174747,14.8,10.7,13.6,8.5,-5.1,619,-2.0,27.5,1288,48.7,,,,14.2,7.4,7.0,67.212782,23.367392,6299,31.7,Sparsely populated municipalities,Rural,12.2,115.8,Left-wing,258,284,593.268772821,22.3845054771,103.66724877,191.300206382
172,Partille,0,36147,2013,1402,Partille,231129,5.1,5.5,5.3,4.6,-0.7,669,6.9,47.2,238,99.0,40,58,46,18.9,10.0,7.4,57.761857,12.134718,36147,16.5,Suburbs to cities,City,6.3,141.6,Conservative,24,30,411.624754475,24.8153373724,3.29211276178,0.746949954353
173,Perstorp,0,7139,2013,1275,Perstorp,174997,9.9,10.4,8.1,9.1,1.0,1191,2.4,21.9,270,80.2,32,45,51,24.1,13.2,19.1,56.137972,13.394986,7139,21.2,Manufacturing municipalities,Rural,23.8,155.3,Mixed,200,202,472.615212215,37.2601204651,52.808516599,0.420226922538
174,Piteå,0,41278,2013,2581,Piteå,201540,13.5,10.9,9.1,7.5,-1.6,584,0.9,34.1,565,82.2,41,59,43,5.7,9.7,7.1,65.316698,21.480036,41278,21.8,Municipalities in sparsely populated regions,Rural,5.3,190.0,Left-wing,69,213,571.466640826,31.6149038229,39.2460875042,137.652018024
175,Ragunda,0,5458,2013,2303,Ragunda,169916,16.0,15.0,13.0,10.9,-2.1,696,-3.9,21.6,1099,44.9,,,,10.1,5.1,12.4,63.124617,16.366589,5458,28.5,Sparsely populated municipalities,Rural,32.1,120.2,Mixed,282,222,600.586295346,43.9721509711,114.877244412,168.926346647
176,Robertsfors,0,6738,2013,2409,Robertsfors,190132,10.3,7.0,7.6,6.4,-1.2,401,-2.3,30.2,1953,45.6,48,58,68,7.9,4.3,10.9,64.191835,20.84891,6738,24.0,Sparsely populated municipalities,Rural,26.6,103.0,Mixed,238,212,548.085485307,36.9545859305,144.553279905,138.765212229
177,Ronneby,0,27871,2013,1081,Ronneby,185154,14.8,16.9,10.3,11.6,1.3,829,-2.2,32.3,372,75.6,35,52,49,13.9,10.1,9.9,56.210434,15.276023,27871,24.7,Municipalities in densely populated regions,Rural,23.1,167.4,Mixed,182,234,547.020200208,40.9027304367,53.4964658606,0.681712173944
178,Rättvik,0,10766,2013,2031,Rättvik,180598,8.6,7.6,7.8,6.5,-1.3,873,-0.8,31.0,1397,68.1,41,55,50,5.9,8.1,9.6,60.889025,15.123373,10766,30.5,Tourism municipalities,Rural,4.1,125.7,Conservative,157,83,605.052944455,42.5413338287,87.7763328999,70.0352963032
179,Sala,0,21769,2013,1981,Sala,190941,13.8,14.3,8.5,8.6,0.1,1112,1.9,28.6,622,68.7,,,,11.6,10.7,12.3,59.920859,16.606328,21769,23.0,Municipalities in densely populated regions,Rural,20.1,180.0,Mixed,142,266,534.429693601,41.7106895126,86.7288345813,12.770453397
180,Salem,1,16001,2013,128,Salem,239408,4.9,4.1,4.3,4.4,0.1,694,5.4,40.9,450,98.8,49,61,61,21.5,18.3,13.5,59.2,17.766667,16001,17.0,Suburbs to cities,City,11.6,70.0,Conservative,95,56,380.601212424,22.9360664958,3.12480469971,3.24979688769
181,Sandviken,3,37250,2013,2181,Sandviken,197346,15.5,15.4,11.1,11.0,-0.1,789,1.0,30.1,847,85.3,37,51,44,14.4,9.3,10.6,60.621607,16.775918,37250,23.5,Manufacturing municipalities,Rural,41.9,171.9,Mixed,150,268,524.563758389,44.322147651,38.1208053691,33.8523489933
182,Sigtuna,1,43372,2013,191,Sigtuna,214359,6.4,5.6,6.2,6.0,-0.2,1572,13.0,34.2,3014,85.5,45,57,47,34.7,39.2,13.2,59.619146,17.723419,43372,14.9,Commuter municipalities,Rural,11.8,166.1,Mixed,60,21,402.010513695,25.5003227889,12.3812597989,4.03486120077
183,Simrishamn,0,18951,2013,1291,Simrishamn,181278,10.3,8.7,7.5,6.6,-0.9,718,-2.1,38.9,1240,69.0,,,,11.3,11.3,11.0,55.557396,14.348965,18951,30.9,Municipalities in densely populated regions,Rural,13.3,145.8,Conservative,130,244,556.593319614,40.6311012611,86.6445042478,0.527676639755
184,Sjöbo,0,18401,2013,1265,Sjöbo,192926,8.0,8.9,6.7,5.9,-0.8,810,1.7,27.3,116,62.2,37,52,56,11.1,12.1,11.9,55.634822,13.70337,18401,21.9,Suburbs to larger towns,City,6.3,73.8,Conservative,118,51,590.457040378,53.1492853649,92.8210423347,0.326069235368
185,Skara,0,18580,2013,1495,Skara,197300,12.4,7.7,9.1,7.3,-1.8,910,0.3,30.7,956,74.8,38,53,51,14.5,12.4,10.4,58.386013,13.439328,18580,21.2,Municipalities in densely populated regions,Rural,17.8,177.8,Conservative,101,152,508.611410118,35.199138859,62.7018299247,1.02260495156
186,Skellefteå,0,71988,2013,2482,Skellefteå,199070,14.2,11.7,10.1,7.7,-2.4,761,0.2,35.7,1087,79.4,42,58,52,8.2,7.3,7.8,64.750244,20.950917,71988,22.4,Larger towns,Town,20.9,141.0,Left-wing,85,185,515.363671723,32.6582208146,59.3432238706,102.892148691
187,Skinnskatteberg,0,4411,2013,1904,Skinnskatteberg,181208,8.7,10.1,7.7,7.3,-0.4,816,-4.6,27.1,2298,61.1,35,44,61,17.2,12.6,16.6,59.831779,15.692723,4411,27.9,Commuter municipalities,Rural,26.0,159.4,Left-wing,264,288,591.702561777,39.2201314895,68.2384946724,15.6427114033
188,Skurup,0,15025,2013,1264,Skurup,203544,9.9,11.7,7.4,7.7,0.3,739,1.6,29.6,17,72.8,,,,13.6,10.8,11.1,55.48045,13.502349,15025,19.6,Suburbs to cities,City,1.8,121.0,Conservative,109,218,549.351081531,42.5956738769,58.1031613977,0.532445923461
189,Skövde,0,52859,2013,1496,Skövde,208335,9.9,8.9,8.4,7.3,-1.1,1022,4.4,39.0,398,85.2,42,59,50,15.5,9.6,6.7,58.390278,13.846121,52859,18.7,Larger towns,Town,17.5,201.1,Conservative,42,55,516.581849827,40.4850640383,39.614824344,0.870239694281
190,Smedjebacken,0,10691,2013,2061,Smedjebacken,193990,9.9,6.7,7.4,5.6,-1.8,795,-0.4,24.8,1876,68.1,,,,9.7,7.7,11.3,60.143193,15.415992,10691,25.9,Commuter municipalities,Rural,28.5,123.3,Left-wing,261,290,586.100458329,49.4808717613,53.7835562623,28.9028154522
191,Sollefteå,2,19623,2013,2283,Sollefteå,176100,16.6,18.5,13.2,12.1,-1.1,1009,-4.5,29.2,1814,62.8,,,,10.6,10.9,10.0,63.165407,17.277135,19623,26.9,Sparsely populated municipalities,Rural,36.3,150.7,Left-wing,217,245,595.678540488,34.7551342812,85.9195841614,123.222748815
192,Sollentuna,2,68145,2013,163,Sollentuna,251849,4.3,4.0,4.7,4.4,-0.3,842,9.7,54.8,362,99.9,,,,28.4,19.0,7.7,59.43911,17.94148,68145,15.4,Suburbs to cities,City,9.3,91.5,Conservative,17,2,424.095678333,19.5025313669,3.05231491672,3.84474282779
193,Solna,2,72740,2013,184,Solna,237650,3.4,3.3,4.0,4.2,0.2,1182,11.4,69.9,1499,100.0,34,51,44,33.0,18.0,5.9,59.368879,18.008433,72740,16.0,Suburbs to cities,City,7.0,205.1,Conservative,2,1,561.314270003,13.9950508661,2.66703326918,2.99697552928
194,Sorsele,0,2595,2013,2422,Sorsele,169557,11.1,8.0,8.0,8.0,0.0,539,-5.0,26.9,6069,46.7,,,,11.5,7.7,10.5,65.534938,17.542175,2595,26.8,Sparsely populated municipalities,Rural,158.6,143.3,Mixed,280,114,578.80539499,25.0481695568,93.2562620424,447.784200385
195,Sotenäs,0,8928,2013,1427,Sotenäs,199877,6.3,7.8,5.7,4.9,-0.8,717,-2.6,31.0,1125,77.7,,,,9.7,11.6,12.0,58.452818,11.349068,8928,29.6,Tourism municipalities,Rural,6.0,149.9,Conservative,147,254,548.72311828,40.8826164875,31.6980286738,1.9041218638
196,Staffanstorp,1,22672,2013,1230,Staffanstorp,234158,6.8,6.6,4.9,4.7,-0.2,569,4.6,46.5,460,88.9,44,59,48,14.8,12.8,7.6,55.641065,13.212229,22672,18.7,Suburbs to cities,City,5.8,80.7,Conservative,82,16,506.395553987,36.9177840508,23.1563161609,0.0882145377558
197,Stenungsund,0,24932,2013,1415,Stenungsund,227264,5.8,6.1,4.9,3.8,-1.1,634,5.4,38.1,496,73.7,39,55,49,11.0,9.1,8.2,58.067839,11.829435,24932,18.6,Commuter municipalities,Rural,8.4,110.3,Conservative,59,66,528.036258623,37.0608053907,37.0206962939,2.0455639339
198,Stockholm,12,897700,2013,180,Stockholm,234360,3.8,4.2,5.3,5.4,0.1,1776,10.8,61.4,10,100.0,,,,28.5,32.3,6.5,59.329323,18.068581,897700,14.3,Cities,City,15.9,223.0,Conservative,1,22,359.089896402,13.2338197616,2.62559875237,1.91043778545
199,Storfors,0,4131,2013,1760,Storfors,181928,21.8,15.0,14.6,12.0,-2.6,605,-5.7,21.5,411,60.7,,,,16.9,9.9,14.8,59.533208,14.272209,4131,25.7,Commuter municipalities,Rural,65.5,133.3,Left-wing,288,136,580.973129993,43.5729847495,72.1374969741,14.5243282498
200,Storuman,0,5954,2013,2421,Storuman,171871,11.8,12.8,8.4,7.4,-1.0,1276,-5.6,29.3,2453,56.5,,,,7.1,8.0,6.5,65.09562,17.112277,5954,27.7,Tourism municipalities,Rural,15.7,101.2,Mixed,222,184,603.795767551,35.4383607659,105.979173665,548.538797447
201,Strängnäs,2,33389,2013,486,Strängnäs,219111,7.8,8.9,7.0,6.7,-0.3,976,5.3,36.1,554,76.2,32,46,45,14.9,17.7,12.7,59.377452,17.032119,33389,21.3,Commuter municipalities,Rural,10.1,163.7,Mixed,84,203,508.760370182,37.1080295906,29.0514840217,4.7919973644
202,Strömstad,0,12480,2013,1486,Strömstad,190158,6.0,4.9,4.4,3.8,-0.6,962,7.5,28.2,1004,62.3,,,,28.4,12.0,13.4,58.938346,11.179187,12480,21.7,Tourism municipalities,Rural,11.5,186.1,Mixed,105,186,540.865384615,38.7019230769,57.0512820513,2.48397435897
203,Strömsund,0,11984,2013,2313,Strömsund,170828,17.5,15.4,12.9,11.2,-1.7,818,-4.4,24.1,3437,55.7,,,,11.4,7.3,7.9,63.853662,15.556869,11984,27.9,Sparsely populated municipalities,Rural,39.0,128.6,Mixed,251,232,586.615487316,30.7910547397,113.818424566,270.110146862
204,Sundbyberg,2,42626,2013,183,Sundbyberg,223160,4.9,6.0,5.7,6.8,1.1,1384,18.1,52.9,421,100.0,,,,34.2,17.9,9.0,59.367047,17.966309,42626,13.1,Suburbs to cities,City,24.1,271.7,Mixed,14,17,271.688640736,13.4894196031,1.38413175057,1.59527049219
205,Sundsvall,1,96978,2013,2281,Sundsvall,205001,12.3,12.0,9.7,8.5,-1.2,1088,2.1,38.4,224,84.1,36,53,43,11.9,20.2,9.7,62.390811,17.306927,96978,20.8,Larger towns,Town,16.9,136.1,Mixed,53,153,496.617789602,33.1415372559,31.5019901421,53.3007486234
206,Sunne,0,13011,2013,1766,Sunne,181436,9.7,9.5,8.1,6.4,-1.7,607,-3.4,29.7,744,47.9,,,,7.9,7.5,8.2,59.836557,13.144046,13011,23.4,Municipalities in sparsely populated regions,Rural,2.6,108.4,Conservative,183,25,625.547613558,39.5050342018,149.642610099,19.8293751441
207,Surahammar,0,9834,2013,1907,Surahammar,195314,14.6,14.7,9.4,8.4,-1.0,722,-2.3,21.6,1502,92.1,,,,19.2,11.4,14.0,59.707226,16.226841,9834,24.3,Commuter municipalities,Rural,34.8,105.3,Left-wing,253,238,547.386617856,45.8612975391,21.2527964206,14.2363229612
208,Svalöv,0,13332,2013,1214,Svalöv,197168,8.8,10.5,7.2,8.2,1.0,1065,1.1,29.8,844,67.9,37,48,56,16.2,12.4,11.2,55.91293,13.101817,13332,18.8,Commuter municipalities,Rural,18.3,104.6,Mixed,161,221,549.804980498,44.0294029403,80.6330633063,0.750075007501
209,Svedala,2,20067,2013,1263,Svedala,228107,7.2,8.3,5.4,5.3,-0.1,404,3.5,36.0,651,84.0,47,61,63,11.2,8.8,9.2,55.508908,13.23711,20067,17.0,Suburbs to cities,City,4.8,74.1,Mixed,90,140,524.891613096,44.6504210894,26.5610205811,0.398664474012
210,Svenljunga,0,10299,2013,1465,Svenljunga,191773,9.0,7.2,6.5,5.1,-1.4,757,-0.1,20.8,186,59.9,29,43,42,14.0,7.3,15.8,57.495572,13.114622,10299,23.6,Municipalities in densely populated regions,Rural,26.0,116.5,Conservative,228,214,573.06534615,48.257112341,104.087775512,1.45645208273
211,Säffle,0,15276,2013,1785,Säffle,177655,13.6,14.5,10.1,9.4,-0.7,622,-3.2,26.9,201,64.3,41,54,51,10.4,7.8,8.4,59.132661,12.930107,15276,26.7,Municipalities in densely populated regions,Rural,17.9,150.4,Conservative,224,132,565.658549358,34.7604084839,109.845509296,5.23697302959
212,Säter,0,10873,2013,2082,Säter,200005,6.0,6.4,5.6,5.2,-0.4,947,-0.8,29.0,1821,62.1,,,,6.7,8.3,10.3,60.34665,15.7479,10873,23.2,Commuter municipalities,Rural,20.7,141.6,Mixed,195,100,598.178975444,47.9168582728,91.2351696864,40.007357675
213,Sävsjö,1,10969,2013,684,Sävsjö,192532,7.0,6.6,7.1,6.5,-0.6,820,0.8,25.7,592,74.1,,,,17.0,8.3,10.1,57.398996,14.665814,10969,22.8,Manufacturing municipalities,Rural,46.2,136.2,Conservative,194,102,540.523292916,41.9363661227,116.692497037,1.54982222627
214,Söderhamn,0,25442,2013,2182,Söderhamn,180575,16.5,13.3,12.6,10.4,-2.2,1211,-2.1,25.7,1064,76.2,33,51,48,10.3,11.3,11.3,61.305576,17.06281,25442,25.9,Municipalities in sparsely populated regions,Rural,35.0,194.5,Mixed,244,198,548.188035532,35.217357126,40.759374263,42.0564421036
215,Söderköping,0,14195,2013,582,Söderköping,204739,7.2,7.7,6.1,5.7,-0.4,535,1.7,32.1,894,61.1,40,53,54,6.1,7.2,10.8,58.475901,16.323431,14195,22.6,Suburbs to larger towns,City,10.5,145.7,Conservative,135,211,536.033814723,48.3973230011,67.9112363508,3.17013032758
216,Södertälje,1,91072,2013,181,Södertälje,195145,7.9,9.3,10.0,11.3,1.3,1461,7.5,32.9,320,91.0,31,49,44,43.3,21.6,16.9,59.195363,17.625689,91072,16.0,Larger towns,Town,77.3,239.6,Left-wing,38,199,377.108222066,19.204585383,8.99288475053,2.03135980323
217,Sölvesborg,0,16800,2013,1083,Sölvesborg,186399,14.9,16.9,9.9,9.6,-0.3,714,-0.2,29.3,503,76.6,48,61,60,13.3,8.6,10.3,56.053743,14.579688,16800,24.8,Municipalities in densely populated regions,Rural,8.8,120.8,Left-wing,167,127,553.392857143,42.3214285714,51.7857142857,0.654761904762
218,Tanum,0,12303,2013,1435,Tanum,189453,7.7,6.2,5.7,4.8,-0.9,675,0.3,29.7,911,40.8,43,51,54,12.0,8.1,12.0,58.716213,11.331016,12303,26.2,Tourism municipalities,Rural,8.5,101.1,Conservative,145,241,608.225636024,45.517353491,132.569292043,2.27586767455
219,Tibro,0,10754,2013,1472,Tibro,187438,11.1,11.9,11.0,8.6,-2.4,809,0.9,24.8,434,81.0,45,60,59,14.2,7.8,9.1,58.424323,14.161642,10754,23.9,Commuter municipalities,Rural,33.3,131.1,Conservative,164,74,525.850846197,48.912032732,55.700204575,1.11586386461
220,Tidaholm,0,12565,2013,1498,Tidaholm,190956,11.6,8.9,9.4,6.8,-2.6,1289,-1.0,23.4,62,70.4,43,60,58,9.8,9.7,9.4,58.181769,13.959474,12565,22.8,Manufacturing municipalities,Rural,6.7,110.3,Left-wing,205,168,550.09948269,52.0493434142,92.1607640271,0.875447672105
221,Tierp,0,20144,2013,360,Tierp,188370,13.2,12.8,8.9,8.0,-0.9,943,0.0,23.4,607,64.9,,,,10.9,13.4,12.6,60.345896,17.516906,20144,23.5,Manufacturing municipalities,Rural,14.8,148.1,Left-wing,169,160,520.651310564,40.3097696585,92.1862589357,25.7644956315
222,Timrå,0,18062,2013,2262,Timrå,197551,14.6,13.0,11.4,10.2,-1.2,958,0.5,27.3,894,80.8,,,,10.4,9.6,11.9,62.485456,17.324865,18062,21.7,Suburbs to larger towns,City,29.7,105.0,Left-wing,188,57,537.371276714,41.8558299192,41.412911084,68.0434060458
223,Tingsryd,0,12156,2013,763,Tingsryd,182323,10.7,11.6,7.1,7.5,0.4,642,-2.8,26.7,1896,62.4,36,53,53,13.5,8.5,10.5,56.524745,14.978534,12156,27.4,Manufacturing municipalities,Rural,33.2,150.7,Mixed,185,128,581.112207963,38.4995064166,113.27739388,0.329055610398
224,Tjörn,0,15050,2013,1419,Tjörn,216970,4.8,4.3,4.1,3.5,-0.6,399,0.6,37.8,708,58.9,-,-,-,8.3,7.5,8.1,58.012599,11.616904,15050,24.4,Commuter municipalities,Rural,1.8,55.1,Conservative,89,72,589.368770764,39.3355481728,53.6877076412,2.52491694352
225,Tomelilla,0,12891,2013,1270,Tomelilla,182238,11.6,14.0,9.4,8.5,-0.9,846,0.6,24.9,910,64.4,,,,12.3,11.1,12.6,55.54355,13.95484,12891,23.7,Commuter municipalities,Rural,12.3,121.2,Mixed,165,172,579.241331161,44.2168955085,123.807307424,0.698161508029
226,Torsby,0,12013,2013,1737,Torsby,174332,11.5,8.8,7.6,5.4,-2.2,691,-5.5,24.2,1100,45.2,,,,12.0,8.8,10.1,60.140907,13.010213,12013,27.4,Sparsely populated municipalities,Rural,13.6,154.5,Left-wing,220,161,652.043619412,37.7923915758,122.950137351,75.8345126113
227,Torsås,0,6879,2013,834,Torsås,180588,10.8,12.5,8.4,10.2,1.8,596,-2.8,26.8,930,53.1,36,47,45,9.7,7.1,11.0,56.412638,15.998275,6879,26.7,Manufacturing municipalities,Rural,27.0,109.5,Mixed,246,157,586.277075156,48.5535688327,128.070940544,0.145369966565
228,Tranemo,0,11531,2013,1452,Tranemo,205109,8.1,8.1,5.6,4.5,-1.1,520,-1.6,23.6,958,70.0,37,54,56,16.0,8.1,11.6,57.485569,13.35241,11531,23.4,Manufacturing municipalities,Rural,21.5,137.3,Conservative,189,98,567.080045096,39.5455728037,94.180903651,2.34151417917
229,Tranås,0,18197,2013,687,Tranås,187530,10.3,10.8,7.6,7.6,0.0,945,0.7,27.6,233,84.2,,,,13.3,8.9,9.3,58.035518,14.975696,18197,24.0,Manufacturing municipalities,Rural,20.2,223.5,Conservative,154,29,472.990053305,32.752651536,40.94081442,0.494587019838
230,Trelleborg,0,42837,2013,1287,Trelleborg,197888,11.0,13.2,8.3,8.4,0.1,857,3.1,29.7,591,81.6,,,,18.8,10.5,11.5,55.376243,13.157423,42837,21.0,Commuter municipalities,Rural,4.4,125.5,Conservative,75,253,507.435161192,37.6076756075,30.5110068399,0.163410136097
231,Trollhättan,2,56573,2013,1488,Trollhättan,195484,14.4,14.4,12.2,13.1,0.9,1138,3.8,36.1,362,90.6,,,,23.1,13.5,7.5,58.283489,12.285821,56573,18.4,Larger towns,Town,35.6,196.1,Left-wing,76,138,472.133349831,28.1229561805,22.6786629664,3.09334841709
232,Trosa,0,11680,2013,488,Trosa,233264,6.7,6.4,5.1,5.2,0.1,668,2.8,33.0,365,82.2,56,63,66,14.0,12.5,14.1,58.898514,17.551353,11680,21.9,Suburbs to larger towns,City,9.5,119.3,Conservative,119,4,515.325342466,33.647260274,25.5993150685,6.84931506849
233,Tyresö,0,44281,2013,138,Tyresö,239204,3.5,5.3,3.7,4.4,0.7,942,4.6,39.9,685,99.1,36,56,49,18.7,26.0,10.1,59.242595,18.283392,44281,16.6,Suburbs to cities,City,5.5,88.5,Conservative,35,43,370.971748605,28.2513945033,2.50671845713,3.83911835776
234,Täby,1,66292,2013,160,Täby,272947,2.5,2.1,2.9,2.7,-0.2,587,6.5,59.8,11,99.6,,,,19.5,25.6,5.3,59.4419,18.07033,66292,19.1,Suburbs to cities,City,3.2,29.8,Conservative,11,12,427.743920835,19.7007180354,3.48458335847,3.51475291136
235,Töreboda,0,8992,2013,1473,Töreboda,176749,14.6,12.1,11.0,9.0,-2.0,845,-2.9,24.9,864,57.6,,,,10.9,9.2,12.0,58.705509,14.126147,8992,24.2,Manufacturing municipalities,Rural,13.5,132.9,Mixed,231,88,554.048042705,43.2606761566,120.551601423,1.33451957295
236,Uddevalla,2,53025,2013,1485,Uddevalla,197137,12.8,10.7,9.0,7.6,-1.4,879,3.6,35.7,502,76.7,,,,16.2,13.6,9.0,58.3498,11.935649,53025,20.8,Larger towns,Town,18.6,185.5,Conservative,40,171,491.636020745,31.4191419142,35.6435643564,1.1315417256
237,Ulricehamn,1,23211,2013,1491,Ulricehamn,200439,9.6,6.5,6.6,5.1,-1.5,629,2.2,29.3,228,66.6,,,,12.4,8.7,10.1,57.783333,13.416667,23211,22.7,Municipalities in densely populated regions,Rural,20.8,143.0,Conservative,110,104,565.981646633,47.3913230796,89.1387704106,1.68023781828
238,Umeå,0,118349,2013,2480,Umeå,203009,7.8,6.5,6.9,5.7,-1.2,788,5.0,57.1,454,88.4,41,61,50,12.8,7.4,5.3,63.825847,20.263035,118349,15.7,Larger towns,Town,8.7,234.2,Left-wing,17,124,426.222443789,25.7458871642,23.4391503097,66.9883142232
239,Upplands-Bro,0,24703,2013,139,Upplands-Bro,222258,5.7,5.8,5.9,6.2,0.3,1048,8.9,35.2,392,90.2,41,53,46,28.7,26.9,13.3,59.509473,17.614412,24703,16.0,Suburbs to cities,City,8.9,160.3,Conservative,88,31,404.120956969,25.6648990001,9.9987855726,4.29097680444
240,Upplands Väsby,1,41449,2013,114,Upplands Väsby,221707,4.5,5.1,5.1,5.3,0.2,1296,8.4,35.9,82,97.7,41,54,42,32.0,18.5,11.7,59.51961,17.92834,41449,16.5,Suburbs to cities,City,19.5,107.1,Mixed,30,3,396.873265941,22.9679847523,4.00492171102,3.16051050689
241,Uppsala,7,205199,2013,380,Uppsala,209707,4.4,3.7,5.2,4.6,-0.6,904,7.6,58.3,592,87.3,,,,22.1,13.5,5.2,59.858564,17.638927,205199,16.0,Larger towns,Town,11.3,162.9,Conservative,4,123,378.179230893,19.4689057939,19.1375201634,5.16571718186
242,Uppvidinge,0,9288,2013,760,Uppvidinge,193623,9.5,13.2,7.3,9.8,2.5,603,-0.6,22.8,1993,72.1,42,56,58,21.4,5.4,14.6,56.937344,15.444602,9288,24.0,Manufacturing municipalities,Rural,46.8,151.5,Conservative,233,73,533.161068045,49.2032730405,85.1636520241,3.76830318691
243,Vadstena,0,7383,2013,584,Vadstena,196775,7.4,9.0,7.0,6.2,-0.8,474,-1.2,35.4,2148,75.9,42,54,61,8.9,8.8,11.9,58.447602,14.890234,7383,29.8,Commuter municipalities,Rural,18.5,188.2,Mixed,169,193,528.240552621,31.4235405662,62.7116348368,2.1671407287
244,Vaggeryd,0,13209,2013,665,Vaggeryd,208130,10.4,10.1,8.0,6.8,-1.2,363,1.8,27.3,353,74.7,,,,18.9,6.8,10.3,57.498962,14.14863,13209,19.9,Manufacturing municipalities,Rural,20.3,134.6,Mixed,138,46,533.348474525,37.6258611553,68.5138920433,1.43841320312
245,Valdemarsvik,0,7585,2013,563,Valdemarsvik,176586,8.3,9.5,7.8,7.9,0.1,633,-3.4,25.0,1712,58.3,,,,8.3,6.6,14.2,58.202451,16.601363,7585,29.1,Tourism municipalities,Rural,25.6,175.3,Mixed,268,250,546.736980883,46.1437046803,109.42649967,5.00988793672
246,Vallentuna,0,31616,2013,115,Vallentuna,248185,2.8,2.8,3.0,2.6,-0.4,851,9.2,41.8,473,82.3,37,56,51,15.8,14.8,9.0,59.5357,18.078017,31616,14.9,Suburbs to cities,City,7.488,14.1,Conservative,44,69,450.879301619,35.4567307692,19.8317307692,5.25050607287
247,Vansbro,0,6730,2013,2021,Vansbro,171732,8.1,8.2,8.7,7.1,-1.6,431,-2.7,20.5,240,60.5,,,,6.9,7.3,12.1,60.509943,14.225342,6730,26.2,Sparsely populated municipalities,Rural,5.4,134.4,Conservative,273,82,620.356612184,50.5200594354,97.3254086181,96.7310549777
248,Vara,0,15609,2013,1470,Vara,191358,9.7,9.7,7.1,6.5,-0.6,641,-1.6,23.6,603,53.6,,,,9.3,9.3,12.0,58.261781,12.960194,15609,23.0,Manufacturing municipalities,Rural,14.6,119.9,Mixed,177,33,597.668012044,45.6147094625,153.308988404,1.66570568262
249,Varberg,1,59936,2013,1383,Varberg,209593,7.1,5.9,5.9,4.9,-1.0,621,5.8,36.0,178,72.5,,,,12.0,9.8,7.2,57.107118,12.252091,59936,21.9,Larger towns,Town,4.9,165.7,Conservative,23,80,527.312466631,40.7768286172,53.0065403097,1.05112119594
250,Vaxholm,0,11188,2013,187,Vaxholm,257450,2.1,2.1,2.9,2.4,-0.5,733,4.1,53.0,581,85.9,34,48,37,12.7,6.8,7.1,59.403297,18.32638,11188,18.1,Suburbs to cities,City,5.0,61.2,Conservative,50,118,422.059349303,23.7754737218,8.5806220951,7.15051841258
251,Vellinge,0,33807,2013,1233,Vellinge,247377,4.5,5.2,4.2,4.3,0.1,402,2.9,51.0,57,90.5,,,,9.3,8.1,5.7,55.473533,13.021845,33807,21.9,Suburbs to cities,City,1.2,40.2,Conservative,64,5,549.087467093,31.1769751827,17.2745289437,0.325376401337
252,Vetlanda,1,26419,2013,685,Vetlanda,198771,8.5,10.1,6.3,6.2,-0.1,496,0.3,26.9,713,75.2,,,,13.9,10.0,7.7,57.42746,15.08533,26419,22.9,Manufacturing municipalities,Rural,19.8,146.3,Mixed,153,63,545.894999811,44.5512699194,81.4565274991,1.13554638707
253,Vilhelmina,0,6887,2013,2462,Vilhelmina,173280,15.8,15.2,10.8,11.2,0.4,595,-4.6,24.8,2622,51.3,,,,7.6,7.2,8.4,64.624471,16.655497,6887,23.9,Sparsely populated municipalities,Rural,42.2,153.3,Mixed,263,289,582.111224045,41.0919122985,107.303615507,360.824742268
254,Vimmerby,0,15287,2013,884,Vimmerby,192042,10.6,10.8,8.2,7.2,-1.0,556,-1.7,24.7,1641,72.6,31,44,41,9.8,9.6,9.1,57.669034,15.858857,15287,24.0,Manufacturing municipalities,Rural,25.5,174.3,Conservative,192,166,571.596781579,54.0328383594,101.785831098,1.76620658075
255,Vindeln,0,5344,2013,2404,Vindeln,181236,11.5,8.9,7.5,6.5,-1.0,468,-4.8,27.8,1971,59.9,,,,8.6,5.7,8.7,64.201953,19.71887,5344,27.2,Sparsely populated municipalities,Rural,17.4,93.5,Mixed,209,239,570.546407186,36.8637724551,126.871257485,221.931137725
256,Vingåker,0,8835,2013,428,Vingåker,186374,10.5,13.8,9.5,10.4,0.9,1234,-1.8,22.2,2271,66.0,35,50,48,12.0,9.9,14.7,59.046478,15.876965,8835,24.9,Commuter municipalities,Rural,55.8,155.6,Left-wing,277,135,552.348613469,43.1239388795,74.9292586304,3.39558573854
257,Vårgårda,0,11065,2013,1442,Vårgårda,196185,8.9,11.0,7.9,7.1,-0.8,811,1.0,35.0,126,79.5,,,,13.3,12.5,11.4,58.032304,12.808976,37369,22.0,Commuter municipalities,Rural,26.0,107.8,Conservative,133,13,159.972169445,14.0223179641,32.7811822634,0.294361636651
258,Vänersborg,0,37369,2013,1487,Vänersborg,195999,13.7,13.2,9.5,9.4,-0.1,641,2.7,35.0,0,67.4,,,,6.7,5.9,8.5,58.379728,12.324803,8583,20.5,Commuter municipalities,Rural,14.4,164.8,Mixed,80,231,2230.45555167,138.1801235,226.960270302,8.15565653035
259,Vännäs,0,8583,2013,2460,Vännäs,244117,12.1,14.7,6.6,7.2,0.6,832,6.4,39.9,688,75.7,32,46,50,13.3,11.7,10.4,63.908007,19.752965,39784,15.6,Commuter municipalities,Rural,17.9,112.4,Left-wing,115,236,114.945706817,8.6718278705,18.4747637241,29.5847576915
260,Värmdö,0,39784,2013,120,Värmdö,210609,3.6,3.7,3.9,3.6,-0.3,700,1.0,29.2,553,78.2,,,,23.0,9.2,9.8,59.333333,18.383333,33155,20.6,Suburbs to cities,City,8.7,58.5,Conservative,51,176,508.158648771,36.5254109486,13.451968029,8.77695671844
261,Värnamo,0,33155,2013,683,Värnamo,186539,10.9,9.3,7.9,6.5,-1.4,1015,-1.3,31.3,472,80.5,,,,10.5,9.1,8.8,57.183161,14.047821,35867,26.5,Manufacturing municipalities,Rural,14.6,157.1,Conservative,79,44,495.748180779,32.2580645161,51.5236847241,0.724900326205
262,Västervik,0,35867,2013,883,Västervik,209520,13.2,13.5,9.3,9.2,-0.1,1126,5.5,42.6,301,93.3,43,62,50,23.1,21.7,11.8,57.757716,16.636976,142131,19.3,Municipalities in densely populated regions,Rural,15.7,172.2,Mixed,159,169,127.509128902,9.70231687668,12.9035889426,0.802076957173
263,Västerås,1,142131,2013,1980,Västerås,206417,10.4,10.0,8.4,8.4,0.0,944,5.9,46.3,498,86.1,,,,20.3,12.2,9.5,59.6099,16.544809,85822,18.2,Larger towns,Town,20.9,171.1,Mixed,15,39,754.94628417,39.7450537158,19.3773158398,7.52720747594
264,Växjö,1,85822,2013,780,Växjö,201793,9.3,8.7,7.9,8.0,0.1,831,0.8,27.5,333,49.1,,,,11.7,9.6,5.9,56.879004,14.805852,11065,19.4,Larger towns,Town,33.8,234.1,Conservative,19,24,3651.69453231,200.542250339,260.370537732,4.6091278807
265,Ydre,0,3617,2013,512,Ydre,188318,5.7,7.8,5.1,4.4,-0.7,194,-2.9,28.8,1671,43.2,,,,9.7,5.5,6.0,57.85952,15.297346,3617,27.4,Commuter municipalities,Rural,22.5,110.2,Mixed,236,68,561.515067736,40.0884711087,160.353884435,1.38236107271
266,Ystad,0,28623,2013,1286,Ystad,201215,9.3,12.8,6.6,6.9,0.3,744,2.7,37.2,435,81.5,,,,10.3,12.7,6.8,55.429505,13.820031,28623,25.6,Municipalities in densely populated regions,Rural,7.1,161.0,Conservative,33,92,511.756279915,34.6923802536,40.422038221,0.524054082381
267,Åmål,1,12229,2013,1492,Åmål,208448,14.0,15.4,11.9,10.3,-1.6,476,2.3,32.9,638,70.4,39,53,53,19.9,9.4,10.2,59.051117,12.697732,15759,21.0,Municipalities in densely populated regions,Rural,20.4,166.7,Mixed,226,261,400.279205533,26.2707024557,49.4320705629,1.26911606066
268,Ånge,0,9548,2013,2260,Ånge,174230,15.2,13.1,11.6,9.9,-1.7,747,-2.6,21.6,2644,69.8,,,,7.3,10.0,12.2,62.522874,15.658942,7096,26.7,Sparsely populated municipalities,Rural,17.2,147.7,Left-wing,248,246,798.05524239,57.0744081172,143.320180383,183.483652762
269,Åre,0,10420,2013,2321,Åre,188889,5.3,5.3,5.7,4.6,-1.1,1084,0.8,25.7,1810,88.6,,,,13.5,9.6,7.2,63.399043,13.081506,9132,23.0,Tourism municipalities,Rural,24.1,186.7,Conservative,93,112,649.802890933,43.1449846693,89.9036355672,361.038107753
270,Årjäng,0,9953,2013,1765,Årjäng,182826,6.4,5.5,7.2,5.3,-1.9,575,-3.5,22.8,1960,72.8,,,,8.8,5.4,10.2,59.389159,12.132717,8168,25.1,Sparsely populated municipalities,Rural,11.2,129.1,Conservative,204,113,765.670910872,46.7678746327,183.031341822,11.263467189
271,Åsele,0,2875,2013,2463,Åsele,209246,12.9,10.9,11.9,11.2,-0.7,660,2.6,36.8,808,81.4,,,,12.9,9.9,12.1,64.160234,17.353615,39866,22.9,Sparsely populated municipalities,Rural,38.8,148.4,Left-wing,286,287,42.2665930868,2.68399137109,7.29945316811,17.6591581799
272,Åstorp,0,14927,2013,1277,Åstorp,175831,10.1,9.2,9.6,8.9,-0.7,744,-2.5,28.6,1540,79.0,,,,12.7,9.5,15.2,56.134262,12.945908,12229,26.2,Suburbs to larger towns,City,18.7,154.7,Mixed,149,131,613.623354322,43.339602584,37.5337312945,0.327091340257
273,Åtvidaberg,0,11460,2013,561,Åtvidaberg,182177,10.6,10.5,9.3,7.6,-1.7,765,-7.5,23.2,1597,60.1,39,47,62,7.4,6.0,9.7,58.20219,15.99727,9548,26.6,Commuter municipalities,Rural,17.0,140.6,Mixed,210,40,644.74235442,51.0054461667,77.2936740679,4.92249685798
274,Älmhult,3,15759,2013,765,Älmhult,189134,10.1,10.4,6.2,6.3,0.1,950,1.6,35.4,2233,49.3,,,,8.7,13.2,8.5,56.552446,14.137405,10420,17.8,Municipalities in densely populated regions,Rural,20.0,148.9,Conservative,104,125,792.706333973,46.7370441459,119.673704415,0.863723608445
275,Älvdalen,0,7096,2013,2039,Älvdalen,171318,11.1,12.1,8.8,8.1,-0.7,512,0.0,19.3,214,44.5,,,,22.7,7.4,10.6,61.227306,14.041987,9953,23.3,Tourism municipalities,Rural,10.3,130.0,Mixed,260,163,478.247764493,20.8982216417,71.6366924545,198.332161157
276,Älvkarleby,0,9132,2013,319,Älvkarleby,167207,13.1,15.5,9.3,10.6,1.3,1252,-9.6,27.7,15446,66.2,,,,11.3,11.0,11.7,60.568607,17.448913,2875,30.7,Suburbs to larger towns,City,24.1,153.0,Left-wing,203,164,1620.17391304,142.956521739,54.6086956522,75.4782608696
277,Älvsbyn,0,8168,2013,2560,Älvsbyn,190103,13.6,10.6,10.9,8.8,-2.1,1159,2.7,22.3,453,91.9,,,,26.7,18.2,11.5,65.677136,20.992866,14927,17.8,Municipalities in sparsely populated regions,Rural,26.7,158.4,Left-wing,243,101,321.162993234,17.8870503115,30.1467140082,103.838681584
278,Ängelholm,0,39866,2013,1292,Ängelholm,190823,10.5,9.4,7.5,6.4,-1.1,375,-0.7,26.2,703,76.7,37,49,53,6.7,7.1,8.2,56.245748,12.863881,11460,24.4,Commuter municipalities,Rural,5.6,165.7,Conservative,45,8,1864.04886562,148.167539267,156.195462478,1.30890052356
279,Öckerö,1,12574,2013,1407,Öckerö,224409,5.8,5.4,4.6,3.5,-1.1,318,2.6,39.8,804,97.3,,,,5.3,6.4,8.7,57.711741,11.648789,12574,22.2,Suburbs to cities,City,1.0,43.5,Conservative,91,26,445.602035947,40.6394146652,4.0559885478,3.89693017337
280,Ödeshög,0,5174,2013,509,Ödeshög,180640,10.9,9.0,9.2,7.8,-1.4,560,-3.3,24.3,2281,55.1,,,,9.7,9.5,14.1,58.229105,14.653021,5174,25.8,Commuter municipalities,Rural,32.7,117.9,Conservative,219,95,579.435639737,41.5539234635,140.510243525,3.28565906455
281,Örebro,7,140599,2013,1880,Örebro,200347,8.6,8.5,8.6,7.8,-0.8,1149,6.3,44.7,461,88.3,44,57,46,20.0,16.4,7.2,59.275263,15.213411,140599,17.7,Larger towns,Town,24.5,277.7,Mixed,13,116,445.124076274,25.6687458659,23.0869351845,3.49931365088
282,Örkelljunga,0,9653,2013,1257,Örkelljunga,183541,9.1,9.0,7.0,6.8,-0.2,974,0.6,24.0,447,70.0,,,,16.9,12.2,14.0,56.283635,13.278832,9653,23.8,Manufacturing municipalities,Rural,19.2,118.7,Conservative,137,109,569.77105563,45.1673055009,86.7087951932,0.103594737387
283,Örnsköldsvik,0,54986,2013,2284,Örnsköldsvik,198264,13.9,12.0,10.3,8.7,-1.6,593,-0.7,35.1,532,73.3,,,,8.3,8.3,6.0,63.290047,18.716617,54986,23.4,Larger towns,Town,16.2,140.7,Left-wing,127,126,557.560106209,33.3539446405,63.8526170298,103.117157095
284,Östersund,1,59956,2013,2380,Östersund,196228,11.6,10.3,9.1,7.0,-2.1,1106,1.8,43.0,798,85.1,,,,8.7,11.8,7.0,63.176683,14.636068,59956,20.3,Larger towns,Town,16.3,209.0,Mixed,27,144,502.585229168,30.0720528387,35.4093001534,103.325772233
285,Österåker,0,40495,2013,117,Österåker,241201,5.2,4.2,3.8,3.5,-0.3,773,4.6,40.4,283,86.8,30,46,45,16.3,13.2,9.2,59.481773,18.297938,40495,17.6,Suburbs to cities,City,5.6,62.6,Conservative,71,37,448.228176318,28.7689838252,10.4457340412,6.42054574639
286,Östhammar,0,21352,2013,382,Östhammar,202320,5.9,7.0,4.6,4.5,-0.1,773,-0.4,25.3,554,66.7,39,49,54,8.7,10.4,10.3,60.259711,18.366615,21352,24.4,Tourism municipalities,Rural,9.4,121.2,Mixed,92,154,542.525290371,47.9580367179,94.6983889097,17.3754215062
287,Östra Göinge,0,13687,2013,1256,Östra Göinge,186964,10.6,12.9,9.8,9.8,0.0,1074,0.2,23.1,639,76.9,,,,12.9,8.9,14.5,56.220296,14.171403,13687,22.9,Commuter municipalities,Rural,21.8,143.0,Mixed,215,209,547.526850296,48.0017534887,60.6414846204,0.146124059326
288,Överkalix,0,3436,2013,2513,Överkalix,172724,26.3,15.6,15.4,11.1,-4.3,582,-7.5,25.6,4662,46.4,40,56,62,10.8,8.9,13.1,66.327176,22.842752,3436,32.3,Sparsely populated municipalities,Rural,45.6,132.4,Mixed,279,285,631.257275902,27.9394644936,98.9522700815,149.301513388
289,Övertorneå,0,4709,2013,2518,Övertorneå,175549,14.2,11.8,12.6,10.9,-1.7,531,-5.3,30.8,5456,52.7,32,49,48,26.8,9.2,9.0,66.389725,23.649496,4709,28.7,Sparsely populated municipalities,Rural,45.7,131.2,Mixed,283,276,569.547674666,23.5718836271,91.9515820769,113.399872584
